[{"fields": {"model": "logentry", "app_label": "admin"}, "model": "contenttypes.contenttype", "pk": 1}, {"fields": {"model": "permission", "app_label": "auth"}, "model": "contenttypes.contenttype", "pk": 2}, {"fields": {"model": "group", "app_label": "auth"}, "model": "contenttypes.contenttype", "pk": 3}, {"fields": {"model": "user", "app_label": "auth"}, "model": "contenttypes.contenttype", "pk": 4}, {"fields": {"model": "contenttype", "app_label": "contenttypes"}, "model": "contenttypes.contenttype", "pk": 5}, {"fields": {"model": "session", "app_label": "sessions"}, "model": "contenttypes.contenttype", "pk": 6}, {"fields": {"model": "category", "app_label": "rango"}, "model": "contenttypes.contenttype", "pk": 7}, {"fields": {"model": "page", "app_label": "rango"}, "model": "contenttypes.contenttype", "pk": 8}, {"fields": {"model": "userprofile", "app_label": "rango"}, "model": "contenttypes.contenttype", "pk": 9}, {"fields": {"model": "taskmeta", "app_label": "djcelery"}, "model": "contenttypes.contenttype", "pk": 10}, {"fields": {"model": "tasksetmeta", "app_label": "djcelery"}, "model": "contenttypes.contenttype", "pk": 11}, {"fields": {"model": "intervalschedule", "app_label": "djcelery"}, "model": "contenttypes.contenttype", "pk": 12}, {"fields": {"model": "crontabschedule", "app_label": "djcelery"}, "model": "contenttypes.contenttype", "pk": 13}, {"fields": {"model": "periodictasks", "app_label": "djcelery"}, "model": "contenttypes.contenttype", "pk": 14}, {"fields": {"model": "periodictask", "app_label": "djcelery"}, "model": "contenttypes.contenttype", "pk": 15}, {"fields": {"model": "workerstate", "app_label": "djcelery"}, "model": "contenttypes.contenttype", "pk": 16}, {"fields": {"model": "taskstate", "app_label": "djcelery"}, "model": "contenttypes.contenttype", "pk": 17}, {"fields": {"model": "queue", "app_label": "kombu_transport_django"}, "model": "contenttypes.contenttype", "pk": 18}, {"fields": {"model": "message", "app_label": "kombu_transport_django"}, "model": "contenttypes.contenttype", "pk": 19}, {"fields": {"model": "celeryresponse", "app_label": "rango"}, "model": "contenttypes.contenttype", "pk": 20}, {"fields": {"expire_date": "2016-11-17T17:28:26.553Z", "session_data": "YzIwMDFjNGJhZWFjZTg3NjM4ZTk5N2VkNTQ1ZDZiYzMzYmRjZWE4NDp7Im51bXZpc2l0cyI6OTIsIl9hdXRoX3VzZXJfYmFja2VuZCI6ImRqYW5nby5jb250cmliLmF1dGguYmFja2VuZHMuTW9kZWxCYWNrZW5kIiwiX2F1dGhfdXNlcl9oYXNoIjoiNGFjYjBhNzk2MWNkYjk2OTFkOTYwOGE4YzMzODM4ZGQ1NjVhNmNkYSIsIl9hdXRoX3VzZXJfaWQiOiIxIiwibGFzdF92aXNpdCI6IjIwMTYtMTEtMDMgMTc6Mjg6MjYuNDg0MTc4In0="}, "model": "sessions.session", "pk": "27utt061h9ejwocb8i2fzissq3lin9ag"}, {"fields": {"expire_date": "2016-10-18T17:35:32.037Z", "session_data": "YWZjMWIwODgzZGI1N2Y5OWM5M2U3Y2Y5OThkMTYyYTlhMjVlZWRiMTp7Il9hdXRoX3VzZXJfaGFzaCI6IjI3ZjQ5MWQyNjQ1NjA4YTRlODE2ODI0MGZmNGEyZWRiZDQxNzA0ZTQiLCJfYXV0aF91c2VyX2JhY2tlbmQiOiJkamFuZ28uY29udHJpYi5hdXRoLmJhY2tlbmRzLk1vZGVsQmFja2VuZCIsIl9hdXRoX3VzZXJfaWQiOiIxIn0="}, "model": "sessions.session", "pk": "31848kl0kbuxwfhcy42z4evy5bgeod9k"}, {"fields": {"expire_date": "2016-11-14T16:39:46.982Z", "session_data": "YmU3MmQ1YzU5OGRmZTc3ZDk3NDcyMDIyZGFiM2Y3MWY3ZWM0YTkzODp7Im51bXZpc2l0cyI6MSwibGFzdF92aXNpdCI6IjIwMTYtMTAtMzEgMTY6Mzk6NDYuNzk3OTUwIn0="}, "model": "sessions.session", "pk": "bv5ow1eqmja5dc7c5gmu980hphe7ahdz"}, {"fields": {"expire_date": "2016-11-14T17:34:24.131Z", "session_data": "MzNlMGM3NDAyZDhiZjk2OWJkMTc3YWQ5MDhiMWVlZTg4ODk0ZDg2YTp7Im51bXZpc2l0cyI6MTMsImxhc3RfdmlzaXQiOiIyMDE2LTEwLTMxIDE3OjM0OjI0LjEyNDQ0MCJ9"}, "model": "sessions.session", "pk": "ecyb249lm9ytyg5dg2fp86p2oxw8ha5b"}, {"fields": {"expire_date": "2016-08-14T22:42:55.351Z", "session_data": "YWZjMWIwODgzZGI1N2Y5OWM5M2U3Y2Y5OThkMTYyYTlhMjVlZWRiMTp7Il9hdXRoX3VzZXJfaGFzaCI6IjI3ZjQ5MWQyNjQ1NjA4YTRlODE2ODI0MGZmNGEyZWRiZDQxNzA0ZTQiLCJfYXV0aF91c2VyX2JhY2tlbmQiOiJkamFuZ28uY29udHJpYi5hdXRoLmJhY2tlbmRzLk1vZGVsQmFja2VuZCIsIl9hdXRoX3VzZXJfaWQiOiIxIn0="}, "model": "sessions.session", "pk": "k6i60k6h5ykxzu1au6ay2vs25bh0n17s"}, {"fields": {"expire_date": "2016-09-27T15:56:00.268Z", "session_data": "YWZjMWIwODgzZGI1N2Y5OWM5M2U3Y2Y5OThkMTYyYTlhMjVlZWRiMTp7Il9hdXRoX3VzZXJfaGFzaCI6IjI3ZjQ5MWQyNjQ1NjA4YTRlODE2ODI0MGZmNGEyZWRiZDQxNzA0ZTQiLCJfYXV0aF91c2VyX2JhY2tlbmQiOiJkamFuZ28uY29udHJpYi5hdXRoLmJhY2tlbmRzLk1vZGVsQmFja2VuZCIsIl9hdXRoX3VzZXJfaWQiOiIxIn0="}, "model": "sessions.session", "pk": "s6goop6vgpv4v1k55i9wkd0mfj5cu8w2"}, {"fields": {"totalups": 64, "slug": "python", "likes": 64, "name": "Python", "views": 128}, "model": "rango.category", "pk": 4}, {"fields": {"totalups": 32, "slug": "django", "likes": 32, "name": "Django", "views": 64}, "model": "rango.category", "pk": 5}, {"fields": {"totalups": 16, "slug": "other-frameworks", "likes": 16, "name": "Other Frameworks", "views": 32}, "model": "rango.category", "pk": 6}, {"fields": {"totalups": 0, "slug": "java", "likes": 0, "name": "java", "views": 0}, "model": "rango.category", "pk": 25}, {"fields": {"totalups": 0, "slug": "pyramid", "likes": 0, "name": "pyramid", "views": 0}, "model": "rango.category", "pk": 26}, {"fields": {"category": 4, "url": "http://docs.python.org/2/tutorial/", "views": 0, "title": "Official Python Tutorial"}, "model": "rango.page", "pk": 1}, {"fields": {"category": 4, "url": "http://www.greenteapress.com/thinkpython/", "views": 0, "title": "How to Think like a Computer Scientist"}, "model": "rango.page", "pk": 2}, {"fields": {"category": 4, "url": "http://www.korokithakis.net/tutorials/python/", "views": 0, "title": "Learn Python in 10 Minutes"}, "model": "rango.page", "pk": 3}, {"fields": {"category": 5, "url": "https://docs.djangoproject.com/en/1.5/intro/tutorial01/", "views": 0, "title": "Official Django Tutorial"}, "model": "rango.page", "pk": 4}, {"fields": {"category": 5, "url": "http://www.djangorocks.com/", "views": 0, "title": "Django Rocks"}, "model": "rango.page", "pk": 5}, {"fields": {"category": 5, "url": "http://www.tangowithdjango.com/", "views": 0, "title": "How to Tango with Django"}, "model": "rango.page", "pk": 6}, {"fields": {"category": 6, "url": "http://bottlepy.org/docs/dev/", "views": 0, "title": "Bottle"}, "model": "rango.page", "pk": 7}, {"fields": {"category": 6, "url": "http://flask.pocoo.org", "views": 0, "title": "Flask"}, "model": "rango.page", "pk": 8}, {"fields": {"category": 4, "url": "http://stackoverflow.com/questions/28372435/tango-with-django-chapter-8-exercise", "views": 0, "title": "stack overflow"}, "model": "rango.page", "pk": 9}, {"fields": {"category": 4, "url": "http://stackoverflow.com/questions/28372435/tango-with-django-chapter-8-exercise", "views": 0, "title": "stack overflow"}, "model": "rango.page", "pk": 10}, {"fields": {"category": 4, "url": "http://stackoverflow.com/questions/28372435/tango-with-django-chapter-8-exercise", "views": 0, "title": "stack overflow"}, "model": "rango.page", "pk": 11}, {"fields": {"category": 6, "url": "https://www.ionic.com/", "views": 0, "title": "ionic"}, "model": "rango.page", "pk": 12}, {"fields": {"category": 25, "url": "https://www.playframework.com/", "views": 0, "title": "play framework"}, "model": "rango.page", "pk": 13}, {"fields": {"status": "SUCCESS", "task_id": "9d4ad8cc-b276-4daa-893c-803f78de38aa", "date_done": "2016-11-01T15:30:53.185Z", "traceback": null, "meta": "eJxrYKotZIzgYGBgSM7IzEkpSs2LLdYDADylBhk=", "result": "gAJVC2hlbGxvX3dvcmxkcQEu", "hidden": false}, "model": "djcelery.taskmeta", "pk": 1}, {"fields": {"status": "SUCCESS", "task_id": "aea65784-3a9b-4e45-992a-5a6f36f82ea8", "date_done": "2016-11-01T15:30:53.176Z", "traceback": null, "meta": "eJxrYKotZIzgYGBgSM7IzEkpSs2LLdYDADylBhk=", "result": "gAJVC2hlbGxvX3dvcmxkcQEu", "hidden": false}, "model": "djcelery.taskmeta", "pk": 2}, {"fields": {"status": "FAILURE", "task_id": "d8740365-ff9f-4207-b4d7-0924b8cea30b", "date_done": "2016-11-03T14:18:29.461Z", "traceback": "Traceback (most recent call last):\n  File \"/Users/anitanahar/abc/lib/python2.7/site-packages/celery/app/trace.py\", line 240, in trace_task\n    R = retval = fun(*args, **kwargs)\n  File \"/Users/anitanahar/abc/lib/python2.7/site-packages/celery/app/trace.py\", line 438, in __protected_call__\n    return self.run(*args, **kwargs)\nTypeError: hello_message() takes exactly 1 argument (0 given)\n", "meta": "eJxrYKotZIzgYGBgSM7IzEkpSs2LLdYDADylBhk=", "result": "gAJ9cQEoVQtleGNfbWVzc2FnZVUyaGVsbG9fbWVzc2FnZSgpIHRha2VzIGV4YWN0bHkgMSBhcmd1bWVudCAoMCBnaXZlbilVCGV4Y190eXBlVQlUeXBlRXJyb3J1Lg==", "hidden": false}, "model": "djcelery.taskmeta", "pk": 3}, {"fields": {"status": "FAILURE", "task_id": "c02883b9-daca-4bbc-ae2b-0a134f1a0043", "date_done": "2016-11-03T14:19:51.738Z", "traceback": "Traceback (most recent call last):\n  File \"/Users/anitanahar/abc/lib/python2.7/site-packages/celery/app/trace.py\", line 240, in trace_task\n    R = retval = fun(*args, **kwargs)\n  File \"/Users/anitanahar/abc/lib/python2.7/site-packages/celery/app/trace.py\", line 438, in __protected_call__\n    return self.run(*args, **kwargs)\n  File \"/Users/anitanahar/Desktop/PythonProjects/django1/tango_with_django_project/rango/tasks.py\", line 12, in hello_message\n    message = celeryResponse(message = message)\nNameError: global name 'celeryResponse' is not defined\n", "meta": "eJxrYKotZIzgYGBgSM7IzEkpSs2LLdYDADylBhk=", "result": "gAJ9cQEoVQtleGNfbWVzc2FnZVUrZ2xvYmFsIG5hbWUgJ2NlbGVyeVJlc3BvbnNlJyBpcyBub3QgZGVmaW5lZFUIZXhjX3R5cGVVCU5hbWVFcnJvcnUu", "hidden": false}, "model": "djcelery.taskmeta", "pk": 4}, {"fields": {"status": "FAILURE", "task_id": "926266c5-2bda-4ab8-83d0-db02196eceb4", "date_done": "2016-11-03T14:19:51.744Z", "traceback": "Traceback (most recent call last):\n  File \"/Users/anitanahar/abc/lib/python2.7/site-packages/celery/app/trace.py\", line 240, in trace_task\n    R = retval = fun(*args, **kwargs)\n  File \"/Users/anitanahar/abc/lib/python2.7/site-packages/celery/app/trace.py\", line 438, in __protected_call__\n    return self.run(*args, **kwargs)\n  File \"/Users/anitanahar/Desktop/PythonProjects/django1/tango_with_django_project/rango/tasks.py\", line 12, in hello_message\n    message = celeryResponse(message = message)\nNameError: global name 'celeryResponse' is not defined\n", "meta": "eJxrYKotZIzgYGBgSM7IzEkpSs2LLdYDADylBhk=", "result": "gAJ9cQEoVQtleGNfbWVzc2FnZVUrZ2xvYmFsIG5hbWUgJ2NlbGVyeVJlc3BvbnNlJyBpcyBub3QgZGVmaW5lZFUIZXhjX3R5cGVVCU5hbWVFcnJvcnUu", "hidden": false}, "model": "djcelery.taskmeta", "pk": 5}, {"fields": {"status": "SUCCESS", "task_id": "f115347e-eff2-4f41-9cfa-eb810683f9d5", "date_done": "2016-11-03T14:21:15.669Z", "traceback": null, "meta": "eJxrYKotZIzgYGBgSM7IzEkpSs2LLdYDADylBhk=", "result": null, "hidden": false}, "model": "djcelery.taskmeta", "pk": 6}, {"fields": {"status": "SUCCESS", "task_id": "3df3f90c-0f1a-4eac-86d1-aa8a6a77b72e", "date_done": "2016-11-03T14:24:59.300Z", "traceback": null, "meta": "eJxrYKotZIzgYGBgSM7IzEkpSs2LLdYDADylBhk=", "result": null, "hidden": false}, "model": "djcelery.taskmeta", "pk": 7}, {"fields": {"status": "SUCCESS", "task_id": "def6d759-b297-4165-aa68-bb7cbddc222b", "date_done": "2016-11-03T14:24:59.306Z", "traceback": null, "meta": "eJxrYKotZIzgYGBgSM7IzEkpSs2LLdYDADylBhk=", "result": null, "hidden": false}, "model": "djcelery.taskmeta", "pk": 8}, {"fields": {"status": "FAILURE", "task_id": "38095bf6-2822-444b-8fad-5dbbf13aa8cd", "date_done": "2016-11-03T15:30:32.361Z", "traceback": "Traceback (most recent call last):\n  File \"/Users/anitanahar/abc/lib/python2.7/site-packages/celery/app/trace.py\", line 240, in trace_task\n    R = retval = fun(*args, **kwargs)\n  File \"/Users/anitanahar/abc/lib/python2.7/site-packages/celery/app/trace.py\", line 438, in __protected_call__\n    return self.run(*args, **kwargs)\n  File \"/Users/anitanahar/Desktop/PythonProjects/django1/tango_with_django_project/rango/tasks.py\", line 13, in hello_message\n    logged_message = LogEntry(message = message)\nNameError: global name 'LogEntry' is not defined\n", "meta": "eJxrYKotZIzgYGBgSM7IzEkpSs2LLdYDADylBhk=", "result": "gAJ9cQEoVQtleGNfbWVzc2FnZVUlZ2xvYmFsIG5hbWUgJ0xvZ0VudHJ5JyBpcyBub3QgZGVmaW5lZFUIZXhjX3R5cGVVCU5hbWVFcnJvcnUu", "hidden": false}, "model": "djcelery.taskmeta", "pk": 9}, {"fields": {"status": "FAILURE", "task_id": "85c38810-926c-455c-bc72-b2cade50694c", "date_done": "2016-11-03T15:30:32.364Z", "traceback": "Traceback (most recent call last):\n  File \"/Users/anitanahar/abc/lib/python2.7/site-packages/celery/app/trace.py\", line 240, in trace_task\n    R = retval = fun(*args, **kwargs)\n  File \"/Users/anitanahar/abc/lib/python2.7/site-packages/celery/app/trace.py\", line 438, in __protected_call__\n    return self.run(*args, **kwargs)\n  File \"/Users/anitanahar/Desktop/PythonProjects/django1/tango_with_django_project/rango/tasks.py\", line 13, in hello_message\n    logged_message = LogEntry(message = message)\nNameError: global name 'LogEntry' is not defined\n", "meta": "eJxrYKotZIzgYGBgSM7IzEkpSs2LLdYDADylBhk=", "result": "gAJ9cQEoVQtleGNfbWVzc2FnZVUlZ2xvYmFsIG5hbWUgJ0xvZ0VudHJ5JyBpcyBub3QgZGVmaW5lZFUIZXhjX3R5cGVVCU5hbWVFcnJvcnUu", "hidden": false}, "model": "djcelery.taskmeta", "pk": 10}, {"fields": {"status": "FAILURE", "task_id": "8c672ff7-1b03-4ef3-a54f-4a1e8b5c3843", "date_done": "2016-11-03T15:30:32.428Z", "traceback": "Traceback (most recent call last):\n  File \"/Users/anitanahar/abc/lib/python2.7/site-packages/celery/app/trace.py\", line 240, in trace_task\n    R = retval = fun(*args, **kwargs)\n  File \"/Users/anitanahar/abc/lib/python2.7/site-packages/celery/app/trace.py\", line 438, in __protected_call__\n    return self.run(*args, **kwargs)\n  File \"/Users/anitanahar/Desktop/PythonProjects/django1/tango_with_django_project/rango/tasks.py\", line 13, in hello_message\n    logged_message = LogEntry(message = message)\nNameError: global name 'LogEntry' is not defined\n", "meta": "eJxrYKotZIzgYGBgSM7IzEkpSs2LLdYDADylBhk=", "result": "gAJ9cQEoVQtleGNfbWVzc2FnZVUlZ2xvYmFsIG5hbWUgJ0xvZ0VudHJ5JyBpcyBub3QgZGVmaW5lZFUIZXhjX3R5cGVVCU5hbWVFcnJvcnUu", "hidden": false}, "model": "djcelery.taskmeta", "pk": 11}, {"fields": {"status": "SUCCESS", "task_id": "423881a4-5d15-49e9-aa94-5c2ad6a78a70", "date_done": "2016-11-03T15:32:15.170Z", "traceback": null, "meta": "eJxrYKotZIzgYGBgSM7IzEkpSs2LLdYDADylBhk=", "result": null, "hidden": false}, "model": "djcelery.taskmeta", "pk": 12}, {"fields": {"status": "SUCCESS", "task_id": "e6397e8c-812d-4fb5-931e-e4f44964953b", "date_done": "2016-11-03T15:32:15.177Z", "traceback": null, "meta": "eJxrYKotZIzgYGBgSM7IzEkpSs2LLdYDADylBhk=", "result": null, "hidden": false}, "model": "djcelery.taskmeta", "pk": 13}, {"fields": {"status": "SUCCESS", "task_id": "1f256ab7-dda4-4432-ad4c-c17f84381c79", "date_done": "2016-11-03T15:35:24.003Z", "traceback": null, "meta": "eJxrYKotZIzgYGBgSM7IzEkpSs2LLdYDADylBhk=", "result": null, "hidden": false}, "model": "djcelery.taskmeta", "pk": 14}, {"fields": {"status": "SUCCESS", "task_id": "32121abf-4264-4387-8311-fdab8892b557", "date_done": "2016-11-03T15:35:24.013Z", "traceback": null, "meta": "eJxrYKotZIzgYGBgSM7IzEkpSs2LLdYDADylBhk=", "result": null, "hidden": false}, "model": "djcelery.taskmeta", "pk": 15}, {"fields": {"status": "SUCCESS", "task_id": "6fc2541d-e79b-4e36-9ef1-726374df57cc", "date_done": "2016-11-03T15:38:44.230Z", "traceback": null, "meta": "eJxrYKotZIzgYGBgSM7IzEkpSs2LLdYDADylBhk=", "result": null, "hidden": false}, "model": "djcelery.taskmeta", "pk": 16}, {"fields": {"status": "SUCCESS", "task_id": "24f5ae19-cc93-4233-ad79-24f84b488f9e", "date_done": "2016-11-03T15:38:44.240Z", "traceback": null, "meta": "eJxrYKotZIzgYGBgSM7IzEkpSs2LLdYDADylBhk=", "result": null, "hidden": false}, "model": "djcelery.taskmeta", "pk": 17}, {"fields": {"status": "SUCCESS", "task_id": "785e181f-1d4e-4ced-936b-dbb2dd1d4650", "date_done": "2016-11-03T15:38:44.249Z", "traceback": null, "meta": "eJxrYKotZIzgYGBgSM7IzEkpSs2LLdYDADylBhk=", "result": null, "hidden": false}, "model": "djcelery.taskmeta", "pk": 18}, {"fields": {"status": "SUCCESS", "task_id": "7011a6bb-0672-4ec3-b1bd-b74dbe23e0d1", "date_done": "2016-11-03T15:40:52.789Z", "traceback": null, "meta": "eJxrYKotZIzgYGBgSM7IzEkpSs2LLdYDADylBhk=", "result": null, "hidden": false}, "model": "djcelery.taskmeta", "pk": 19}, {"fields": {"status": "SUCCESS", "task_id": "4fc39d11-6613-4375-aa2b-db622aa3a9e5", "date_done": "2016-11-03T15:40:52.801Z", "traceback": null, "meta": "eJxrYKotZIzgYGBgSM7IzEkpSs2LLdYDADylBhk=", "result": null, "hidden": false}, "model": "djcelery.taskmeta", "pk": 20}, {"fields": {"status": "SUCCESS", "task_id": "5b6bf6cf-676a-435b-848f-8971c2595d36", "date_done": "2016-11-03T15:40:52.812Z", "traceback": null, "meta": "eJxrYKotZIzgYGBgSM7IzEkpSs2LLdYDADylBhk=", "result": null, "hidden": false}, "model": "djcelery.taskmeta", "pk": 21}, {"fields": {"status": "SUCCESS", "task_id": "a23c9224-c9cb-4e3b-9922-37915afcb3f3", "date_done": "2016-11-03T15:43:26.230Z", "traceback": null, "meta": "eJxrYKotZIzgYGBgSM7IzEkpSs2LLdYDADylBhk=", "result": null, "hidden": false}, "model": "djcelery.taskmeta", "pk": 22}, {"fields": {"status": "SUCCESS", "task_id": "bdde9151-d6e5-477f-b23c-8add69ed5c61", "date_done": "2016-11-03T15:43:26.247Z", "traceback": null, "meta": "eJxrYKotZIzgYGBgSM7IzEkpSs2LLdYDADylBhk=", "result": null, "hidden": false}, "model": "djcelery.taskmeta", "pk": 23}, {"fields": {"status": "SUCCESS", "task_id": "83d9d986-ef32-496e-9ca8-9cac1481675c", "date_done": "2016-11-03T15:43:26.247Z", "traceback": null, "meta": "eJxrYKotZIzgYGBgSM7IzEkpSs2LLdYDADylBhk=", "result": null, "hidden": false}, "model": "djcelery.taskmeta", "pk": 24}, {"fields": {"status": "SUCCESS", "task_id": "fd52d951-1d07-4232-ab8a-d0ac40b76641", "date_done": "2016-11-03T15:43:26.259Z", "traceback": null, "meta": "eJxrYKotZIzgYGBgSM7IzEkpSs2LLdYDADylBhk=", "result": null, "hidden": false}, "model": "djcelery.taskmeta", "pk": 25}, {"fields": {"status": "SUCCESS", "task_id": "0db661ce-eafb-42e4-912c-5856ca3c1bf9", "date_done": "2016-11-03T15:51:22.714Z", "traceback": null, "meta": "eJxrYKotZIzgYGBgSM7IzEkpSs2LLdYDADylBhk=", "result": null, "hidden": false}, "model": "djcelery.taskmeta", "pk": 26}, {"fields": {"status": "FAILURE", "task_id": "289d9300-fcc3-43f3-85e4-ec8c1561495f", "date_done": "2016-11-03T15:51:22.740Z", "traceback": "Traceback (most recent call last):\n  File \"/Users/anitanahar/abc/lib/python2.7/site-packages/celery/app/trace.py\", line 240, in trace_task\n    R = retval = fun(*args, **kwargs)\n  File \"/Users/anitanahar/abc/lib/python2.7/site-packages/celery/app/trace.py\", line 438, in __protected_call__\n    return self.run(*args, **kwargs)\n  File \"/Users/anitanahar/Desktop/PythonProjects/django1/tango_with_django_project/rango/tasks.py\", line 14, in hello_message\n    logged_message.save()\n  File \"/Users/anitanahar/abc/lib/python2.7/site-packages/django/db/models/base.py\", line 710, in save\n    force_update=force_update, update_fields=update_fields)\n  File \"/Users/anitanahar/abc/lib/python2.7/site-packages/django/db/models/base.py\", line 738, in save_base\n    updated = self._save_table(raw, cls, force_insert, force_update, using, update_fields)\n  File \"/Users/anitanahar/abc/lib/python2.7/site-packages/django/db/models/base.py\", line 822, in _save_table\n    result = self._do_insert(cls._base_manager, using, fields, update_pk, raw)\n  File \"/Users/anitanahar/abc/lib/python2.7/site-packages/django/db/models/base.py\", line 861, in _do_insert\n    using=using, raw=raw)\n  File \"/Users/anitanahar/abc/lib/python2.7/site-packages/django/db/models/manager.py\", line 127, in manager_method\n    return getattr(self.get_queryset(), name)(*args, **kwargs)\n  File \"/Users/anitanahar/abc/lib/python2.7/site-packages/django/db/models/query.py\", line 920, in _insert\n    return query.get_compiler(using=using).execute_sql(return_id)\n  File \"/Users/anitanahar/abc/lib/python2.7/site-packages/django/db/models/sql/compiler.py\", line 974, in execute_sql\n    cursor.execute(sql, params)\n  File \"/Users/anitanahar/abc/lib/python2.7/site-packages/django/db/backends/utils.py\", line 79, in execute\n    return super(CursorDebugWrapper, self).execute(sql, params)\n  File \"/Users/anitanahar/abc/lib/python2.7/site-packages/django/db/backends/utils.py\", line 64, in execute\n    return self.cursor.execute(sql, params)\n  File \"/Users/anitanahar/abc/lib/python2.7/site-packages/django/db/utils.py\", line 97, in __exit__\n    six.reraise(dj_exc_type, dj_exc_value, traceback)\n  File \"/Users/anitanahar/abc/lib/python2.7/site-packages/django/db/backends/utils.py\", line 64, in execute\n    return self.cursor.execute(sql, params)\n  File \"/Users/anitanahar/abc/lib/python2.7/site-packages/django/db/backends/sqlite3/base.py\", line 318, in execute\n    return Database.Cursor.execute(self, query, params)\nIntegrityError: UNIQUE constraint failed: rango_celeryresponse.message\n", "meta": "eJxrYKotZIzgYGBgSM7IzEkpSs2LLdYDADylBhk=", "result": "gAJ9cQEoVQtleGNfbWVzc2FnZVU2VU5JUVVFIGNvbnN0cmFpbnQgZmFpbGVkOiByYW5nb19jZWxlcnlyZXNwb25zZS5tZXNzYWdlVQhleGNfdHlwZVUOSW50ZWdyaXR5RXJyb3J1Lg==", "hidden": false}, "model": "djcelery.taskmeta", "pk": 27}, {"fields": {"status": "FAILURE", "task_id": "396a6f09-26db-4617-938e-33ba776a3c46", "date_done": "2016-11-03T15:51:22.742Z", "traceback": "Traceback (most recent call last):\n  File \"/Users/anitanahar/abc/lib/python2.7/site-packages/celery/app/trace.py\", line 240, in trace_task\n    R = retval = fun(*args, **kwargs)\n  File \"/Users/anitanahar/abc/lib/python2.7/site-packages/celery/app/trace.py\", line 438, in __protected_call__\n    return self.run(*args, **kwargs)\n  File \"/Users/anitanahar/Desktop/PythonProjects/django1/tango_with_django_project/rango/tasks.py\", line 14, in hello_message\n    logged_message.save()\n  File \"/Users/anitanahar/abc/lib/python2.7/site-packages/django/db/models/base.py\", line 710, in save\n    force_update=force_update, update_fields=update_fields)\n  File \"/Users/anitanahar/abc/lib/python2.7/site-packages/django/db/models/base.py\", line 738, in save_base\n    updated = self._save_table(raw, cls, force_insert, force_update, using, update_fields)\n  File \"/Users/anitanahar/abc/lib/python2.7/site-packages/django/db/models/base.py\", line 822, in _save_table\n    result = self._do_insert(cls._base_manager, using, fields, update_pk, raw)\n  File \"/Users/anitanahar/abc/lib/python2.7/site-packages/django/db/models/base.py\", line 861, in _do_insert\n    using=using, raw=raw)\n  File \"/Users/anitanahar/abc/lib/python2.7/site-packages/django/db/models/manager.py\", line 127, in manager_method\n    return getattr(self.get_queryset(), name)(*args, **kwargs)\n  File \"/Users/anitanahar/abc/lib/python2.7/site-packages/django/db/models/query.py\", line 920, in _insert\n    return query.get_compiler(using=using).execute_sql(return_id)\n  File \"/Users/anitanahar/abc/lib/python2.7/site-packages/django/db/models/sql/compiler.py\", line 974, in execute_sql\n    cursor.execute(sql, params)\n  File \"/Users/anitanahar/abc/lib/python2.7/site-packages/django/db/backends/utils.py\", line 79, in execute\n    return super(CursorDebugWrapper, self).execute(sql, params)\n  File \"/Users/anitanahar/abc/lib/python2.7/site-packages/django/db/backends/utils.py\", line 64, in execute\n    return self.cursor.execute(sql, params)\n  File \"/Users/anitanahar/abc/lib/python2.7/site-packages/django/db/utils.py\", line 97, in __exit__\n    six.reraise(dj_exc_type, dj_exc_value, traceback)\n  File \"/Users/anitanahar/abc/lib/python2.7/site-packages/django/db/backends/utils.py\", line 64, in execute\n    return self.cursor.execute(sql, params)\n  File \"/Users/anitanahar/abc/lib/python2.7/site-packages/django/db/backends/sqlite3/base.py\", line 318, in execute\n    return Database.Cursor.execute(self, query, params)\nIntegrityError: UNIQUE constraint failed: rango_celeryresponse.message\n", "meta": "eJxrYKotZIzgYGBgSM7IzEkpSs2LLdYDADylBhk=", "result": "gAJ9cQEoVQtleGNfbWVzc2FnZVU2VU5JUVVFIGNvbnN0cmFpbnQgZmFpbGVkOiByYW5nb19jZWxlcnlyZXNwb25zZS5tZXNzYWdlVQhleGNfdHlwZVUOSW50ZWdyaXR5RXJyb3J1Lg==", "hidden": false}, "model": "djcelery.taskmeta", "pk": 28}, {"fields": {"status": "SUCCESS", "task_id": "f46c8f8a-2943-4e09-9998-afb821c22a21", "date_done": "2016-11-03T16:02:32.140Z", "traceback": null, "meta": "eJxrYKotZIzgYGBgSM7IzEkpSs2LLdYDADylBhk=", "result": null, "hidden": false}, "model": "djcelery.taskmeta", "pk": 29}, {"fields": {"status": "SUCCESS", "task_id": "6b88d2d5-a8b3-49f6-9000-fdaa740d914a", "date_done": "2016-11-03T16:02:32.150Z", "traceback": null, "meta": "eJxrYKotZIzgYGBgSM7IzEkpSs2LLdYDADylBhk=", "result": null, "hidden": false}, "model": "djcelery.taskmeta", "pk": 30}, {"fields": {"status": "SUCCESS", "task_id": "d3bd3911-ed73-4114-8267-ae97b808599b", "date_done": "2016-11-03T16:16:55.295Z", "traceback": null, "meta": "eJxrYKotZIzgYGBgSM7IzEkpSs2LLdYDADylBhk=", "result": null, "hidden": false}, "model": "djcelery.taskmeta", "pk": 31}, {"fields": {"status": "SUCCESS", "task_id": "105202d5-a837-4815-81b0-2a1136d6b89e", "date_done": "2016-11-03T16:16:55.343Z", "traceback": null, "meta": "eJxrYKotZIzgYGBgSM7IzEkpSs2LLdYDADylBhk=", "result": null, "hidden": false}, "model": "djcelery.taskmeta", "pk": 32}, {"fields": {"status": "SUCCESS", "task_id": "6fa2ae61-2cbe-4978-8828-12a32d5e425a", "date_done": "2016-11-03T16:23:04.108Z", "traceback": null, "meta": "eJxrYKotZIzgYGBgSM7IzEkpSs2LLdYDADylBhk=", "result": null, "hidden": false}, "model": "djcelery.taskmeta", "pk": 33}, {"fields": {"status": "SUCCESS", "task_id": "d01b2b35-ea58-42d9-9e9b-db33a4012b58", "date_done": "2016-11-03T16:23:04.113Z", "traceback": null, "meta": "eJxrYKotZIzgYGBgSM7IzEkpSs2LLdYDADylBhk=", "result": null, "hidden": false}, "model": "djcelery.taskmeta", "pk": 34}, {"fields": {"status": "SUCCESS", "task_id": "0b7a6173-32e9-4949-876e-ebebcdbf3be0", "date_done": "2016-11-03T17:28:15.586Z", "traceback": null, "meta": "eJxrYKotZIzgYGBgSM7IzEkpSs2LLdYDADylBhk=", "result": null, "hidden": false}, "model": "djcelery.taskmeta", "pk": 35}, {"fields": {"status": "SUCCESS", "task_id": "6270acf7-686d-422e-9d5a-f9bffb71cdad", "date_done": "2016-11-03T17:28:15.598Z", "traceback": null, "meta": "eJxrYKotZIzgYGBgSM7IzEkpSs2LLdYDADylBhk=", "result": null, "hidden": false}, "model": "djcelery.taskmeta", "pk": 36}, {"fields": {"status": "SUCCESS", "task_id": "a34fef21-bfdd-4caa-a489-968cfe339701", "date_done": "2016-11-03T17:28:15.612Z", "traceback": null, "meta": "eJxrYKotZIzgYGBgSM7IzEkpSs2LLdYDADylBhk=", "result": null, "hidden": false}, "model": "djcelery.taskmeta", "pk": 37}, {"fields": {"status": "SUCCESS", "task_id": "28fd77bd-0129-41cc-9612-118f387fd1ff", "date_done": "2016-11-03T17:28:15.630Z", "traceback": null, "meta": "eJxrYKotZIzgYGBgSM7IzEkpSs2LLdYDADylBhk=", "result": null, "hidden": false}, "model": "djcelery.taskmeta", "pk": 38}, {"fields": {"status": "SUCCESS", "task_id": "3be5b41d-b7ff-4a85-9665-0dc855667977", "date_done": "2016-11-03T17:28:15.638Z", "traceback": null, "meta": "eJxrYKotZIzgYGBgSM7IzEkpSs2LLdYDADylBhk=", "result": null, "hidden": false}, "model": "djcelery.taskmeta", "pk": 39}, {"fields": {"name": "celery"}, "model": "kombu_transport_django.queue", "pk": 1}, {"fields": {"name": "celery@anitas-mbp-2.ncifcrf.gov.celery.pidbox"}, "model": "kombu_transport_django.queue", "pk": 2}, {"fields": {"name": "w1@anitas-mbp-2.ncifcrf.gov.celery.pidbox"}, "model": "kombu_transport_django.queue", "pk": 3}, {"fields": {"queue": 1, "visible": false, "sent_at": "2016-11-01T15:29:38.660Z", "payload": "{\"body\": \"eyJleHBpcmVzIjogbnVsbCwgInV0YyI6IHRydWUsICJhcmdzIjogW10sICJjaG9yZCI6IG51bGwsICJjYWxsYmFja3MiOiBudWxsLCAiZXJyYmFja3MiOiBudWxsLCAidGFza3NldCI6IG51bGwsICJpZCI6ICJhZWE2NTc4NC0zYTliLTRlNDUtOTkyYS01YTZmMzZmODJlYTgiLCAicmV0cmllcyI6IDAsICJ0YXNrIjogInJhbmdvLnRhc2tzLmhlbGxvX3dvcmxkIiwgInRpbWVsaW1pdCI6IFtudWxsLCBudWxsXSwgImV0YSI6IG51bGwsICJrd2FyZ3MiOiB7fX0=\", \"headers\": {}, \"content-type\": \"application/json\", \"properties\": {\"body_encoding\": \"base64\", \"correlation_id\": \"aea65784-3a9b-4e45-992a-5a6f36f82ea8\", \"reply_to\": \"fa661c28-ac81-3ac9-8b2d-f820f32de09f\", \"delivery_info\": {\"priority\": 0, \"routing_key\": \"celery\", \"exchange\": \"celery\"}, \"delivery_mode\": 2, \"delivery_tag\": \"24b2841e-9a33-41d2-91e2-c8f1981d435e\"}, \"content-encoding\": \"utf-8\"}"}, "model": "kombu_transport_django.message", "pk": 1}, {"fields": {"queue": 1, "visible": false, "sent_at": "2016-11-01T15:29:57.810Z", "payload": "{\"body\": \"eyJleHBpcmVzIjogbnVsbCwgInV0YyI6IHRydWUsICJhcmdzIjogW10sICJjaG9yZCI6IG51bGwsICJjYWxsYmFja3MiOiBudWxsLCAiZXJyYmFja3MiOiBudWxsLCAidGFza3NldCI6IG51bGwsICJpZCI6ICI5ZDRhZDhjYy1iMjc2LTRkYWEtODkzYy04MDNmNzhkZTM4YWEiLCAicmV0cmllcyI6IDAsICJ0YXNrIjogInJhbmdvLnRhc2tzLmhlbGxvX3dvcmxkIiwgInRpbWVsaW1pdCI6IFtudWxsLCBudWxsXSwgImV0YSI6IG51bGwsICJrd2FyZ3MiOiB7fX0=\", \"headers\": {}, \"content-type\": \"application/json\", \"properties\": {\"body_encoding\": \"base64\", \"correlation_id\": \"9d4ad8cc-b276-4daa-893c-803f78de38aa\", \"reply_to\": \"fa661c28-ac81-3ac9-8b2d-f820f32de09f\", \"delivery_info\": {\"priority\": 0, \"routing_key\": \"celery\", \"exchange\": \"celery\"}, \"delivery_mode\": 2, \"delivery_tag\": \"3952543a-5c81-4914-8950-6e7de80f78db\"}, \"content-encoding\": \"utf-8\"}"}, "model": "kombu_transport_django.message", "pk": 2}, {"fields": {"queue": 1, "visible": false, "sent_at": "2016-11-03T14:17:21.569Z", "payload": "{\"body\": \"eyJleHBpcmVzIjogbnVsbCwgInV0YyI6IHRydWUsICJhcmdzIjogW10sICJjaG9yZCI6IG51bGwsICJjYWxsYmFja3MiOiBudWxsLCAiZXJyYmFja3MiOiBudWxsLCAidGFza3NldCI6IG51bGwsICJpZCI6ICJkODc0MDM2NS1mZjlmLTQyMDctYjRkNy0wOTI0YjhjZWEzMGIiLCAicmV0cmllcyI6IDAsICJ0YXNrIjogInJhbmdvLnRhc2tzLmhlbGxvX21lc3NhZ2UiLCAidGltZWxpbWl0IjogW251bGwsIG51bGxdLCAiZXRhIjogbnVsbCwgImt3YXJncyI6IHt9fQ==\", \"headers\": {}, \"content-type\": \"application/json\", \"properties\": {\"body_encoding\": \"base64\", \"correlation_id\": \"d8740365-ff9f-4207-b4d7-0924b8cea30b\", \"reply_to\": \"d2c9bc68-c5fb-3310-bf91-07ea1614f528\", \"delivery_info\": {\"priority\": 0, \"routing_key\": \"celery\", \"exchange\": \"celery\"}, \"delivery_mode\": 2, \"delivery_tag\": \"815b3c37-f8a9-4d0e-93f7-81efc2bf9225\"}, \"content-encoding\": \"utf-8\"}"}, "model": "kombu_transport_django.message", "pk": 3}, {"fields": {"queue": 1, "visible": false, "sent_at": "2016-11-03T14:19:40.934Z", "payload": "{\"body\": \"eyJleHBpcmVzIjogbnVsbCwgInV0YyI6IHRydWUsICJhcmdzIjogWyJUaGlzIHNob3dzIHRoZSBjZWxlcnkgbWVzc2FnZSJdLCAiY2hvcmQiOiBudWxsLCAiY2FsbGJhY2tzIjogbnVsbCwgImVycmJhY2tzIjogbnVsbCwgInRhc2tzZXQiOiBudWxsLCAiaWQiOiAiYzAyODgzYjktZGFjYS00YmJjLWFlMmItMGExMzRmMWEwMDQzIiwgInJldHJpZXMiOiAwLCAidGFzayI6ICJyYW5nby50YXNrcy5oZWxsb19tZXNzYWdlIiwgInRpbWVsaW1pdCI6IFtudWxsLCBudWxsXSwgImV0YSI6IG51bGwsICJrd2FyZ3MiOiB7fX0=\", \"headers\": {}, \"content-type\": \"application/json\", \"properties\": {\"body_encoding\": \"base64\", \"correlation_id\": \"c02883b9-daca-4bbc-ae2b-0a134f1a0043\", \"reply_to\": \"5b52f28c-41d7-3614-84b4-e5a2c143084f\", \"delivery_info\": {\"priority\": 0, \"routing_key\": \"celery\", \"exchange\": \"celery\"}, \"delivery_mode\": 2, \"delivery_tag\": \"a375be61-5051-45c4-b53f-397f5bc52407\"}, \"content-encoding\": \"utf-8\"}"}, "model": "kombu_transport_django.message", "pk": 4}, {"fields": {"queue": 1, "visible": false, "sent_at": "2016-11-03T14:19:42.347Z", "payload": "{\"body\": \"eyJleHBpcmVzIjogbnVsbCwgInV0YyI6IHRydWUsICJhcmdzIjogWyJUaGlzIHNob3dzIHRoZSBjZWxlcnkgbWVzc2FnZSJdLCAiY2hvcmQiOiBudWxsLCAiY2FsbGJhY2tzIjogbnVsbCwgImVycmJhY2tzIjogbnVsbCwgInRhc2tzZXQiOiBudWxsLCAiaWQiOiAiOTI2MjY2YzUtMmJkYS00YWI4LTgzZDAtZGIwMjE5NmVjZWI0IiwgInJldHJpZXMiOiAwLCAidGFzayI6ICJyYW5nby50YXNrcy5oZWxsb19tZXNzYWdlIiwgInRpbWVsaW1pdCI6IFtudWxsLCBudWxsXSwgImV0YSI6IG51bGwsICJrd2FyZ3MiOiB7fX0=\", \"headers\": {}, \"content-type\": \"application/json\", \"properties\": {\"body_encoding\": \"base64\", \"correlation_id\": \"926266c5-2bda-4ab8-83d0-db02196eceb4\", \"reply_to\": \"5b52f28c-41d7-3614-84b4-e5a2c143084f\", \"delivery_info\": {\"priority\": 0, \"routing_key\": \"celery\", \"exchange\": \"celery\"}, \"delivery_mode\": 2, \"delivery_tag\": \"e4972b22-9f63-4ca7-96d4-d112bc0005e4\"}, \"content-encoding\": \"utf-8\"}"}, "model": "kombu_transport_django.message", "pk": 5}, {"fields": {"queue": 1, "visible": false, "sent_at": "2016-11-03T14:21:00.693Z", "payload": "{\"body\": \"eyJleHBpcmVzIjogbnVsbCwgInV0YyI6IHRydWUsICJhcmdzIjogWyJUaGlzIHNob3dzIHRoZSBjZWxlcnkgbWVzc2FnZSJdLCAiY2hvcmQiOiBudWxsLCAiY2FsbGJhY2tzIjogbnVsbCwgImVycmJhY2tzIjogbnVsbCwgInRhc2tzZXQiOiBudWxsLCAiaWQiOiAiZjExNTM0N2UtZWZmMi00ZjQxLTljZmEtZWI4MTA2ODNmOWQ1IiwgInJldHJpZXMiOiAwLCAidGFzayI6ICJyYW5nby50YXNrcy5oZWxsb19tZXNzYWdlIiwgInRpbWVsaW1pdCI6IFtudWxsLCBudWxsXSwgImV0YSI6IG51bGwsICJrd2FyZ3MiOiB7fX0=\", \"headers\": {}, \"content-type\": \"application/json\", \"properties\": {\"body_encoding\": \"base64\", \"correlation_id\": \"f115347e-eff2-4f41-9cfa-eb810683f9d5\", \"reply_to\": \"1a7fb58c-da4b-3099-8435-5fc0bb3d4c64\", \"delivery_info\": {\"priority\": 0, \"routing_key\": \"celery\", \"exchange\": \"celery\"}, \"delivery_mode\": 2, \"delivery_tag\": \"143623fb-7ad3-42a7-93aa-1afa53e3feee\"}, \"content-encoding\": \"utf-8\"}"}, "model": "kombu_transport_django.message", "pk": 6}, {"fields": {"queue": 1, "visible": false, "sent_at": "2016-11-03T14:24:50.885Z", "payload": "{\"body\": \"eyJleHBpcmVzIjogbnVsbCwgInV0YyI6IHRydWUsICJhcmdzIjogWyJUaGlzIHNob3dzIHRoZSBjZWxlcnkgbWVzc2FnZSJdLCAiY2hvcmQiOiBudWxsLCAiY2FsbGJhY2tzIjogbnVsbCwgImVycmJhY2tzIjogbnVsbCwgInRhc2tzZXQiOiBudWxsLCAiaWQiOiAiM2RmM2Y5MGMtMGYxYS00ZWFjLTg2ZDEtYWE4YTZhNzdiNzJlIiwgInJldHJpZXMiOiAwLCAidGFzayI6ICJyYW5nby50YXNrcy5oZWxsb19tZXNzYWdlIiwgInRpbWVsaW1pdCI6IFtudWxsLCBudWxsXSwgImV0YSI6IG51bGwsICJrd2FyZ3MiOiB7fX0=\", \"headers\": {}, \"content-type\": \"application/json\", \"properties\": {\"body_encoding\": \"base64\", \"correlation_id\": \"3df3f90c-0f1a-4eac-86d1-aa8a6a77b72e\", \"reply_to\": \"fb163706-430c-3420-962f-3f7a814f7e64\", \"delivery_info\": {\"priority\": 0, \"routing_key\": \"celery\", \"exchange\": \"celery\"}, \"delivery_mode\": 2, \"delivery_tag\": \"cc78e52b-5b23-4155-bfb5-81b39c2b59d0\"}, \"content-encoding\": \"utf-8\"}"}, "model": "kombu_transport_django.message", "pk": 7}, {"fields": {"queue": 1, "visible": false, "sent_at": "2016-11-03T14:24:52.000Z", "payload": "{\"body\": \"eyJleHBpcmVzIjogbnVsbCwgInV0YyI6IHRydWUsICJhcmdzIjogWyJUaGlzIHNob3dzIHRoZSBjZWxlcnkgbWVzc2FnZSJdLCAiY2hvcmQiOiBudWxsLCAiY2FsbGJhY2tzIjogbnVsbCwgImVycmJhY2tzIjogbnVsbCwgInRhc2tzZXQiOiBudWxsLCAiaWQiOiAiZGVmNmQ3NTktYjI5Ny00MTY1LWFhNjgtYmI3Y2JkZGMyMjJiIiwgInJldHJpZXMiOiAwLCAidGFzayI6ICJyYW5nby50YXNrcy5oZWxsb19tZXNzYWdlIiwgInRpbWVsaW1pdCI6IFtudWxsLCBudWxsXSwgImV0YSI6IG51bGwsICJrd2FyZ3MiOiB7fX0=\", \"headers\": {}, \"content-type\": \"application/json\", \"properties\": {\"body_encoding\": \"base64\", \"correlation_id\": \"def6d759-b297-4165-aa68-bb7cbddc222b\", \"reply_to\": \"fb163706-430c-3420-962f-3f7a814f7e64\", \"delivery_info\": {\"priority\": 0, \"routing_key\": \"celery\", \"exchange\": \"celery\"}, \"delivery_mode\": 2, \"delivery_tag\": \"5f014fe5-5208-4ced-a8d6-2aceac6c2221\"}, \"content-encoding\": \"utf-8\"}"}, "model": "kombu_transport_django.message", "pk": 8}, {"fields": {"queue": 1, "visible": false, "sent_at": "2016-11-03T15:12:56.789Z", "payload": "{\"body\": \"eyJleHBpcmVzIjogbnVsbCwgInV0YyI6IHRydWUsICJhcmdzIjogWyJ0aGlzIGlzIGEgdGVzdCJdLCAiY2hvcmQiOiBudWxsLCAiY2FsbGJhY2tzIjogbnVsbCwgImVycmJhY2tzIjogbnVsbCwgInRhc2tzZXQiOiBudWxsLCAiaWQiOiAiMzgwOTViZjYtMjgyMi00NDRiLThmYWQtNWRiYmYxM2FhOGNkIiwgInJldHJpZXMiOiAwLCAidGFzayI6ICJyYW5nby50YXNrcy5oZWxsb19tZXNzYWdlIiwgInRpbWVsaW1pdCI6IFtudWxsLCBudWxsXSwgImV0YSI6IG51bGwsICJrd2FyZ3MiOiB7fX0=\", \"headers\": {}, \"content-type\": \"application/json\", \"properties\": {\"body_encoding\": \"base64\", \"correlation_id\": \"38095bf6-2822-444b-8fad-5dbbf13aa8cd\", \"reply_to\": \"2bf598f5-af0a-3214-9b9f-ef58c3b537f3\", \"delivery_info\": {\"priority\": 0, \"routing_key\": \"celery\", \"exchange\": \"celery\"}, \"delivery_mode\": 2, \"delivery_tag\": \"90db7052-6f79-407a-ad13-ff3469b9543f\"}, \"content-encoding\": \"utf-8\"}"}, "model": "kombu_transport_django.message", "pk": 9}, {"fields": {"queue": 1, "visible": false, "sent_at": "2016-11-03T15:29:19.540Z", "payload": "{\"body\": \"eyJleHBpcmVzIjogbnVsbCwgInV0YyI6IHRydWUsICJhcmdzIjogWyJ0cnkgdGhpcyBvbmUiXSwgImNob3JkIjogbnVsbCwgImNhbGxiYWNrcyI6IG51bGwsICJlcnJiYWNrcyI6IG51bGwsICJ0YXNrc2V0IjogbnVsbCwgImlkIjogIjg1YzM4ODEwLTkyNmMtNDU1Yy1iYzcyLWIyY2FkZTUwNjk0YyIsICJyZXRyaWVzIjogMCwgInRhc2siOiAicmFuZ28udGFza3MuaGVsbG9fbWVzc2FnZSIsICJ0aW1lbGltaXQiOiBbbnVsbCwgbnVsbF0sICJldGEiOiBudWxsLCAia3dhcmdzIjoge319\", \"headers\": {}, \"content-type\": \"application/json\", \"properties\": {\"body_encoding\": \"base64\", \"correlation_id\": \"85c38810-926c-455c-bc72-b2cade50694c\", \"reply_to\": \"9fc3c700-14c1-3a44-8712-b74338f3a15a\", \"delivery_info\": {\"priority\": 0, \"routing_key\": \"celery\", \"exchange\": \"celery\"}, \"delivery_mode\": 2, \"delivery_tag\": \"e4b7a3ee-5b38-49c1-b64f-314af39d2f6b\"}, \"content-encoding\": \"utf-8\"}"}, "model": "kombu_transport_django.message", "pk": 10}, {"fields": {"queue": 1, "visible": false, "sent_at": "2016-11-03T15:29:19.771Z", "payload": "{\"body\": \"eyJleHBpcmVzIjogbnVsbCwgInV0YyI6IHRydWUsICJhcmdzIjogWyIiXSwgImNob3JkIjogbnVsbCwgImNhbGxiYWNrcyI6IG51bGwsICJlcnJiYWNrcyI6IG51bGwsICJ0YXNrc2V0IjogbnVsbCwgImlkIjogIjhjNjcyZmY3LTFiMDMtNGVmMy1hNTRmLTRhMWU4YjVjMzg0MyIsICJyZXRyaWVzIjogMCwgInRhc2siOiAicmFuZ28udGFza3MuaGVsbG9fbWVzc2FnZSIsICJ0aW1lbGltaXQiOiBbbnVsbCwgbnVsbF0sICJldGEiOiBudWxsLCAia3dhcmdzIjoge319\", \"headers\": {}, \"content-type\": \"application/json\", \"properties\": {\"body_encoding\": \"base64\", \"correlation_id\": \"8c672ff7-1b03-4ef3-a54f-4a1e8b5c3843\", \"reply_to\": \"9fc3c700-14c1-3a44-8712-b74338f3a15a\", \"delivery_info\": {\"priority\": 0, \"routing_key\": \"celery\", \"exchange\": \"celery\"}, \"delivery_mode\": 2, \"delivery_tag\": \"1f3841d9-98ef-4719-85c4-274737decfc1\"}, \"content-encoding\": \"utf-8\"}"}, "model": "kombu_transport_django.message", "pk": 11}, {"fields": {"queue": 1, "visible": false, "sent_at": "2016-11-03T15:29:36.937Z", "payload": "{\"body\": \"eyJleHBpcmVzIjogbnVsbCwgInV0YyI6IHRydWUsICJhcmdzIjogWyJhbm90aGVyIHRlc3QiXSwgImNob3JkIjogbnVsbCwgImNhbGxiYWNrcyI6IG51bGwsICJlcnJiYWNrcyI6IG51bGwsICJ0YXNrc2V0IjogbnVsbCwgImlkIjogIjQyMzg4MWE0LTVkMTUtNDllOS1hYTk0LTVjMmFkNmE3OGE3MCIsICJyZXRyaWVzIjogMCwgInRhc2siOiAicmFuZ28udGFza3MuaGVsbG9fbWVzc2FnZSIsICJ0aW1lbGltaXQiOiBbbnVsbCwgbnVsbF0sICJldGEiOiBudWxsLCAia3dhcmdzIjoge319\", \"headers\": {}, \"content-type\": \"application/json\", \"properties\": {\"body_encoding\": \"base64\", \"correlation_id\": \"423881a4-5d15-49e9-aa94-5c2ad6a78a70\", \"reply_to\": \"9fc3c700-14c1-3a44-8712-b74338f3a15a\", \"delivery_info\": {\"priority\": 0, \"routing_key\": \"celery\", \"exchange\": \"celery\"}, \"delivery_mode\": 2, \"delivery_tag\": \"8fdbf95c-258c-4f2a-966e-405ae9966e58\"}, \"content-encoding\": \"utf-8\"}"}, "model": "kombu_transport_django.message", "pk": 12}, {"fields": {"queue": 1, "visible": false, "sent_at": "2016-11-03T15:32:01.452Z", "payload": "{\"body\": \"eyJleHBpcmVzIjogbnVsbCwgInV0YyI6IHRydWUsICJhcmdzIjogWyJ0ZXN0cnVuIl0sICJjaG9yZCI6IG51bGwsICJjYWxsYmFja3MiOiBudWxsLCAiZXJyYmFja3MiOiBudWxsLCAidGFza3NldCI6IG51bGwsICJpZCI6ICJlNjM5N2U4Yy04MTJkLTRmYjUtOTMxZS1lNGY0NDk2NDk1M2IiLCAicmV0cmllcyI6IDAsICJ0YXNrIjogInJhbmdvLnRhc2tzLmhlbGxvX21lc3NhZ2UiLCAidGltZWxpbWl0IjogW251bGwsIG51bGxdLCAiZXRhIjogbnVsbCwgImt3YXJncyI6IHt9fQ==\", \"headers\": {}, \"content-type\": \"application/json\", \"properties\": {\"body_encoding\": \"base64\", \"correlation_id\": \"e6397e8c-812d-4fb5-931e-e4f44964953b\", \"reply_to\": \"a9f9e077-cd21-3191-a87c-2829ff68eb47\", \"delivery_info\": {\"priority\": 0, \"routing_key\": \"celery\", \"exchange\": \"celery\"}, \"delivery_mode\": 2, \"delivery_tag\": \"8a8e6480-6b49-401e-bd7a-f452d05c9f29\"}, \"content-encoding\": \"utf-8\"}"}, "model": "kombu_transport_django.message", "pk": 13}, {"fields": {"queue": 1, "visible": false, "sent_at": "2016-11-03T15:34:53.159Z", "payload": "{\"body\": \"eyJleHBpcmVzIjogbnVsbCwgInV0YyI6IHRydWUsICJhcmdzIjogWyJzZWNvbmR0ZXN0Il0sICJjaG9yZCI6IG51bGwsICJjYWxsYmFja3MiOiBudWxsLCAiZXJyYmFja3MiOiBudWxsLCAidGFza3NldCI6IG51bGwsICJpZCI6ICIxZjI1NmFiNy1kZGE0LTQ0MzItYWQ0Yy1jMTdmODQzODFjNzkiLCAicmV0cmllcyI6IDAsICJ0YXNrIjogInJhbmdvLnRhc2tzLmhlbGxvX21lc3NhZ2UiLCAidGltZWxpbWl0IjogW251bGwsIG51bGxdLCAiZXRhIjogbnVsbCwgImt3YXJncyI6IHt9fQ==\", \"headers\": {}, \"content-type\": \"application/json\", \"properties\": {\"body_encoding\": \"base64\", \"correlation_id\": \"1f256ab7-dda4-4432-ad4c-c17f84381c79\", \"reply_to\": \"06a2ed73-86d1-3992-bd39-f744870e49ca\", \"delivery_info\": {\"priority\": 0, \"routing_key\": \"celery\", \"exchange\": \"celery\"}, \"delivery_mode\": 2, \"delivery_tag\": \"0dac3048-4e5e-42e5-baf8-1091110478dd\"}, \"content-encoding\": \"utf-8\"}"}, "model": "kombu_transport_django.message", "pk": 14}, {"fields": {"queue": 1, "visible": false, "sent_at": "2016-11-03T15:35:03.188Z", "payload": "{\"body\": \"eyJleHBpcmVzIjogbnVsbCwgInV0YyI6IHRydWUsICJhcmdzIjogWyJ0aGlyZHRlc3QiXSwgImNob3JkIjogbnVsbCwgImNhbGxiYWNrcyI6IG51bGwsICJlcnJiYWNrcyI6IG51bGwsICJ0YXNrc2V0IjogbnVsbCwgImlkIjogIjMyMTIxYWJmLTQyNjQtNDM4Ny04MzExLWZkYWI4ODkyYjU1NyIsICJyZXRyaWVzIjogMCwgInRhc2siOiAicmFuZ28udGFza3MuaGVsbG9fbWVzc2FnZSIsICJ0aW1lbGltaXQiOiBbbnVsbCwgbnVsbF0sICJldGEiOiBudWxsLCAia3dhcmdzIjoge319\", \"headers\": {}, \"content-type\": \"application/json\", \"properties\": {\"body_encoding\": \"base64\", \"correlation_id\": \"32121abf-4264-4387-8311-fdab8892b557\", \"reply_to\": \"06a2ed73-86d1-3992-bd39-f744870e49ca\", \"delivery_info\": {\"priority\": 0, \"routing_key\": \"celery\", \"exchange\": \"celery\"}, \"delivery_mode\": 2, \"delivery_tag\": \"cced5b99-6e33-443f-ac06-e50e5f7c4fd0\"}, \"content-encoding\": \"utf-8\"}"}, "model": "kombu_transport_django.message", "pk": 15}, {"fields": {"queue": 1, "visible": false, "sent_at": "2016-11-03T15:35:54.774Z", "payload": "{\"body\": \"eyJleHBpcmVzIjogbnVsbCwgInV0YyI6IHRydWUsICJhcmdzIjogWyJ0cnkgbm93Il0sICJjaG9yZCI6IG51bGwsICJjYWxsYmFja3MiOiBudWxsLCAiZXJyYmFja3MiOiBudWxsLCAidGFza3NldCI6IG51bGwsICJpZCI6ICI2ZmMyNTQxZC1lNzliLTRlMzYtOWVmMS03MjYzNzRkZjU3Y2MiLCAicmV0cmllcyI6IDAsICJ0YXNrIjogInJhbmdvLnRhc2tzLmhlbGxvX21lc3NhZ2UiLCAidGltZWxpbWl0IjogW251bGwsIG51bGxdLCAiZXRhIjogbnVsbCwgImt3YXJncyI6IHt9fQ==\", \"headers\": {}, \"content-type\": \"application/json\", \"properties\": {\"body_encoding\": \"base64\", \"correlation_id\": \"6fc2541d-e79b-4e36-9ef1-726374df57cc\", \"reply_to\": \"f454fa42-7d9f-3832-abae-4d8f85aea9de\", \"delivery_info\": {\"priority\": 0, \"routing_key\": \"celery\", \"exchange\": \"celery\"}, \"delivery_mode\": 2, \"delivery_tag\": \"7e452166-3875-4397-9b21-c5ba97e26a26\"}, \"content-encoding\": \"utf-8\"}"}, "model": "kombu_transport_django.message", "pk": 16}, {"fields": {"queue": 1, "visible": false, "sent_at": "2016-11-03T15:36:47.189Z", "payload": "{\"body\": \"eyJleHBpcmVzIjogbnVsbCwgInV0YyI6IHRydWUsICJhcmdzIjogWyIiXSwgImNob3JkIjogbnVsbCwgImNhbGxiYWNrcyI6IG51bGwsICJlcnJiYWNrcyI6IG51bGwsICJ0YXNrc2V0IjogbnVsbCwgImlkIjogIjI0ZjVhZTE5LWNjOTMtNDIzMy1hZDc5LTI0Zjg0YjQ4OGY5ZSIsICJyZXRyaWVzIjogMCwgInRhc2siOiAicmFuZ28udGFza3MuaGVsbG9fbWVzc2FnZSIsICJ0aW1lbGltaXQiOiBbbnVsbCwgbnVsbF0sICJldGEiOiBudWxsLCAia3dhcmdzIjoge319\", \"headers\": {}, \"content-type\": \"application/json\", \"properties\": {\"body_encoding\": \"base64\", \"correlation_id\": \"24f5ae19-cc93-4233-ad79-24f84b488f9e\", \"reply_to\": \"f454fa42-7d9f-3832-abae-4d8f85aea9de\", \"delivery_info\": {\"priority\": 0, \"routing_key\": \"celery\", \"exchange\": \"celery\"}, \"delivery_mode\": 2, \"delivery_tag\": \"9649b42b-6ef4-402e-aee6-b3e6b599efe7\"}, \"content-encoding\": \"utf-8\"}"}, "model": "kombu_transport_django.message", "pk": 17}, {"fields": {"queue": 1, "visible": false, "sent_at": "2016-11-03T15:38:35.422Z", "payload": "{\"body\": \"eyJleHBpcmVzIjogbnVsbCwgInV0YyI6IHRydWUsICJhcmdzIjogWyJmaXJzdHRlc3QiXSwgImNob3JkIjogbnVsbCwgImNhbGxiYWNrcyI6IG51bGwsICJlcnJiYWNrcyI6IG51bGwsICJ0YXNrc2V0IjogbnVsbCwgImlkIjogIjc4NWUxODFmLTFkNGUtNGNlZC05MzZiLWRiYjJkZDFkNDY1MCIsICJyZXRyaWVzIjogMCwgInRhc2siOiAicmFuZ28udGFza3MuaGVsbG9fbWVzc2FnZSIsICJ0aW1lbGltaXQiOiBbbnVsbCwgbnVsbF0sICJldGEiOiBudWxsLCAia3dhcmdzIjoge319\", \"headers\": {}, \"content-type\": \"application/json\", \"properties\": {\"body_encoding\": \"base64\", \"correlation_id\": \"785e181f-1d4e-4ced-936b-dbb2dd1d4650\", \"reply_to\": \"845af353-a1d8-333d-bc38-fc1ae7092755\", \"delivery_info\": {\"priority\": 0, \"routing_key\": \"celery\", \"exchange\": \"celery\"}, \"delivery_mode\": 2, \"delivery_tag\": \"c9887964-bc75-453e-9ed9-05a848f0cf4e\"}, \"content-encoding\": \"utf-8\"}"}, "model": "kombu_transport_django.message", "pk": 18}, {"fields": {"queue": 1, "visible": false, "sent_at": "2016-11-03T15:39:24.681Z", "payload": "{\"body\": \"eyJleHBpcmVzIjogbnVsbCwgInV0YyI6IHRydWUsICJhcmdzIjogWyIiXSwgImNob3JkIjogbnVsbCwgImNhbGxiYWNrcyI6IG51bGwsICJlcnJiYWNrcyI6IG51bGwsICJ0YXNrc2V0IjogbnVsbCwgImlkIjogIjcwMTFhNmJiLTA2NzItNGVjMy1iMWJkLWI3NGRiZTIzZTBkMSIsICJyZXRyaWVzIjogMCwgInRhc2siOiAicmFuZ28udGFza3MuaGVsbG9fbWVzc2FnZSIsICJ0aW1lbGltaXQiOiBbbnVsbCwgbnVsbF0sICJldGEiOiBudWxsLCAia3dhcmdzIjoge319\", \"headers\": {}, \"content-type\": \"application/json\", \"properties\": {\"body_encoding\": \"base64\", \"correlation_id\": \"7011a6bb-0672-4ec3-b1bd-b74dbe23e0d1\", \"reply_to\": \"f4a90057-5efa-3158-a18d-0e0d9a67a8d9\", \"delivery_info\": {\"priority\": 0, \"routing_key\": \"celery\", \"exchange\": \"celery\"}, \"delivery_mode\": 2, \"delivery_tag\": \"7f8947ac-3a00-429a-921b-1301b4f24f07\"}, \"content-encoding\": \"utf-8\"}"}, "model": "kombu_transport_django.message", "pk": 19}, {"fields": {"queue": 1, "visible": false, "sent_at": "2016-11-03T15:39:53.621Z", "payload": "{\"body\": \"eyJleHBpcmVzIjogbnVsbCwgInV0YyI6IHRydWUsICJhcmdzIjogWyIiXSwgImNob3JkIjogbnVsbCwgImNhbGxiYWNrcyI6IG51bGwsICJlcnJiYWNrcyI6IG51bGwsICJ0YXNrc2V0IjogbnVsbCwgImlkIjogIjViNmJmNmNmLTY3NmEtNDM1Yi04NDhmLTg5NzFjMjU5NWQzNiIsICJyZXRyaWVzIjogMCwgInRhc2siOiAicmFuZ28udGFza3MuaGVsbG9fbWVzc2FnZSIsICJ0aW1lbGltaXQiOiBbbnVsbCwgbnVsbF0sICJldGEiOiBudWxsLCAia3dhcmdzIjoge319\", \"headers\": {}, \"content-type\": \"application/json\", \"properties\": {\"body_encoding\": \"base64\", \"correlation_id\": \"5b6bf6cf-676a-435b-848f-8971c2595d36\", \"reply_to\": \"f4a90057-5efa-3158-a18d-0e0d9a67a8d9\", \"delivery_info\": {\"priority\": 0, \"routing_key\": \"celery\", \"exchange\": \"celery\"}, \"delivery_mode\": 2, \"delivery_tag\": \"2e8c96cd-cb10-48a5-99cc-22ed2e9a8f6b\"}, \"content-encoding\": \"utf-8\"}"}, "model": "kombu_transport_django.message", "pk": 20}, {"fields": {"queue": 1, "visible": false, "sent_at": "2016-11-03T15:40:30.020Z", "payload": "{\"body\": \"eyJleHBpcmVzIjogbnVsbCwgInV0YyI6IHRydWUsICJhcmdzIjogWyIiXSwgImNob3JkIjogbnVsbCwgImNhbGxiYWNrcyI6IG51bGwsICJlcnJiYWNrcyI6IG51bGwsICJ0YXNrc2V0IjogbnVsbCwgImlkIjogIjRmYzM5ZDExLTY2MTMtNDM3NS1hYTJiLWRiNjIyYWEzYTllNSIsICJyZXRyaWVzIjogMCwgInRhc2siOiAicmFuZ28udGFza3MuaGVsbG9fbWVzc2FnZSIsICJ0aW1lbGltaXQiOiBbbnVsbCwgbnVsbF0sICJldGEiOiBudWxsLCAia3dhcmdzIjoge319\", \"headers\": {}, \"content-type\": \"application/json\", \"properties\": {\"body_encoding\": \"base64\", \"correlation_id\": \"4fc39d11-6613-4375-aa2b-db622aa3a9e5\", \"reply_to\": \"18bc6535-041a-36f8-a37a-00345075f146\", \"delivery_info\": {\"priority\": 0, \"routing_key\": \"celery\", \"exchange\": \"celery\"}, \"delivery_mode\": 2, \"delivery_tag\": \"713ea4c3-e73d-4328-b44a-f80d49e385e3\"}, \"content-encoding\": \"utf-8\"}"}, "model": "kombu_transport_django.message", "pk": 21}, {"fields": {"queue": 1, "visible": false, "sent_at": "2016-11-03T15:40:40.628Z", "payload": "{\"body\": \"eyJleHBpcmVzIjogbnVsbCwgInV0YyI6IHRydWUsICJhcmdzIjogWyJmaXJzdHRlc3QiXSwgImNob3JkIjogbnVsbCwgImNhbGxiYWNrcyI6IG51bGwsICJlcnJiYWNrcyI6IG51bGwsICJ0YXNrc2V0IjogbnVsbCwgImlkIjogImEyM2M5MjI0LWM5Y2ItNGUzYi05OTIyLTM3OTE1YWZjYjNmMyIsICJyZXRyaWVzIjogMCwgInRhc2siOiAicmFuZ28udGFza3MuaGVsbG9fbWVzc2FnZSIsICJ0aW1lbGltaXQiOiBbbnVsbCwgbnVsbF0sICJldGEiOiBudWxsLCAia3dhcmdzIjoge319\", \"headers\": {}, \"content-type\": \"application/json\", \"properties\": {\"body_encoding\": \"base64\", \"correlation_id\": \"a23c9224-c9cb-4e3b-9922-37915afcb3f3\", \"reply_to\": \"18bc6535-041a-36f8-a37a-00345075f146\", \"delivery_info\": {\"priority\": 0, \"routing_key\": \"celery\", \"exchange\": \"celery\"}, \"delivery_mode\": 2, \"delivery_tag\": \"e6982ede-2ccd-49b4-823b-51ce00986986\"}, \"content-encoding\": \"utf-8\"}"}, "model": "kombu_transport_django.message", "pk": 22}, {"fields": {"queue": 1, "visible": false, "sent_at": "2016-11-03T15:42:08.465Z", "payload": "{\"body\": \"eyJleHBpcmVzIjogbnVsbCwgInV0YyI6IHRydWUsICJhcmdzIjogWyJmaXJzdHRlc3QiXSwgImNob3JkIjogbnVsbCwgImNhbGxiYWNrcyI6IG51bGwsICJlcnJiYWNrcyI6IG51bGwsICJ0YXNrc2V0IjogbnVsbCwgImlkIjogImJkZGU5MTUxLWQ2ZTUtNDc3Zi1iMjNjLThhZGQ2OWVkNWM2MSIsICJyZXRyaWVzIjogMCwgInRhc2siOiAicmFuZ28udGFza3MuaGVsbG9fbWVzc2FnZSIsICJ0aW1lbGltaXQiOiBbbnVsbCwgbnVsbF0sICJldGEiOiBudWxsLCAia3dhcmdzIjoge319\", \"headers\": {}, \"content-type\": \"application/json\", \"properties\": {\"body_encoding\": \"base64\", \"correlation_id\": \"bdde9151-d6e5-477f-b23c-8add69ed5c61\", \"reply_to\": \"83a88009-99c3-3e3c-9332-b9c597b66d97\", \"delivery_info\": {\"priority\": 0, \"routing_key\": \"celery\", \"exchange\": \"celery\"}, \"delivery_mode\": 2, \"delivery_tag\": \"5c2b394a-9ea4-42f5-89f2-b7d528f90e93\"}, \"content-encoding\": \"utf-8\"}"}, "model": "kombu_transport_django.message", "pk": 23}, {"fields": {"queue": 1, "visible": false, "sent_at": "2016-11-03T15:43:08.500Z", "payload": "{\"body\": \"eyJleHBpcmVzIjogbnVsbCwgInV0YyI6IHRydWUsICJhcmdzIjogWyJmaXJzdHRlc3QiXSwgImNob3JkIjogbnVsbCwgImNhbGxiYWNrcyI6IG51bGwsICJlcnJiYWNrcyI6IG51bGwsICJ0YXNrc2V0IjogbnVsbCwgImlkIjogImZkNTJkOTUxLTFkMDctNDIzMi1hYjhhLWQwYWM0MGI3NjY0MSIsICJyZXRyaWVzIjogMCwgInRhc2siOiAicmFuZ28udGFza3MuaGVsbG9fbWVzc2FnZSIsICJ0aW1lbGltaXQiOiBbbnVsbCwgbnVsbF0sICJldGEiOiBudWxsLCAia3dhcmdzIjoge319\", \"headers\": {}, \"content-type\": \"application/json\", \"properties\": {\"body_encoding\": \"base64\", \"correlation_id\": \"fd52d951-1d07-4232-ab8a-d0ac40b76641\", \"reply_to\": \"83a88009-99c3-3e3c-9332-b9c597b66d97\", \"delivery_info\": {\"priority\": 0, \"routing_key\": \"celery\", \"exchange\": \"celery\"}, \"delivery_mode\": 2, \"delivery_tag\": \"eed6efa0-5e52-47b3-97cd-73b48a81cd59\"}, \"content-encoding\": \"utf-8\"}"}, "model": "kombu_transport_django.message", "pk": 24}, {"fields": {"queue": 1, "visible": false, "sent_at": "2016-11-03T15:43:13.599Z", "payload": "{\"body\": \"eyJleHBpcmVzIjogbnVsbCwgInV0YyI6IHRydWUsICJhcmdzIjogWyJzZWNvbmR0ZXN0Il0sICJjaG9yZCI6IG51bGwsICJjYWxsYmFja3MiOiBudWxsLCAiZXJyYmFja3MiOiBudWxsLCAidGFza3NldCI6IG51bGwsICJpZCI6ICI4M2Q5ZDk4Ni1lZjMyLTQ5NmUtOWNhOC05Y2FjMTQ4MTY3NWMiLCAicmV0cmllcyI6IDAsICJ0YXNrIjogInJhbmdvLnRhc2tzLmhlbGxvX21lc3NhZ2UiLCAidGltZWxpbWl0IjogW251bGwsIG51bGxdLCAiZXRhIjogbnVsbCwgImt3YXJncyI6IHt9fQ==\", \"headers\": {}, \"content-type\": \"application/json\", \"properties\": {\"body_encoding\": \"base64\", \"correlation_id\": \"83d9d986-ef32-496e-9ca8-9cac1481675c\", \"reply_to\": \"83a88009-99c3-3e3c-9332-b9c597b66d97\", \"delivery_info\": {\"priority\": 0, \"routing_key\": \"celery\", \"exchange\": \"celery\"}, \"delivery_mode\": 2, \"delivery_tag\": \"40c4260f-7ee2-4001-96a8-fb337859d17b\"}, \"content-encoding\": \"utf-8\"}"}, "model": "kombu_transport_django.message", "pk": 25}, {"fields": {"queue": 1, "visible": false, "sent_at": "2016-11-03T15:44:14.223Z", "payload": "{\"body\": \"eyJleHBpcmVzIjogbnVsbCwgInV0YyI6IHRydWUsICJhcmdzIjogWyIiXSwgImNob3JkIjogbnVsbCwgImNhbGxiYWNrcyI6IG51bGwsICJlcnJiYWNrcyI6IG51bGwsICJ0YXNrc2V0IjogbnVsbCwgImlkIjogIjBkYjY2MWNlLWVhZmItNDJlNC05MTJjLTU4NTZjYTNjMWJmOSIsICJyZXRyaWVzIjogMCwgInRhc2siOiAicmFuZ28udGFza3MuaGVsbG9fbWVzc2FnZSIsICJ0aW1lbGltaXQiOiBbbnVsbCwgbnVsbF0sICJldGEiOiBudWxsLCAia3dhcmdzIjoge319\", \"headers\": {}, \"content-type\": \"application/json\", \"properties\": {\"body_encoding\": \"base64\", \"correlation_id\": \"0db661ce-eafb-42e4-912c-5856ca3c1bf9\", \"reply_to\": \"9c836780-0220-3e2a-a409-46479c4d8845\", \"delivery_info\": {\"priority\": 0, \"routing_key\": \"celery\", \"exchange\": \"celery\"}, \"delivery_mode\": 2, \"delivery_tag\": \"bb3c0c88-3d77-4700-aac7-1e99c3d78bab\"}, \"content-encoding\": \"utf-8\"}"}, "model": "kombu_transport_django.message", "pk": 26}, {"fields": {"queue": 1, "visible": false, "sent_at": "2016-11-03T15:48:12.299Z", "payload": "{\"body\": \"eyJleHBpcmVzIjogbnVsbCwgInV0YyI6IHRydWUsICJhcmdzIjogWyIiXSwgImNob3JkIjogbnVsbCwgImNhbGxiYWNrcyI6IG51bGwsICJlcnJiYWNrcyI6IG51bGwsICJ0YXNrc2V0IjogbnVsbCwgImlkIjogIjM5NmE2ZjA5LTI2ZGItNDYxNy05MzhlLTMzYmE3NzZhM2M0NiIsICJyZXRyaWVzIjogMCwgInRhc2siOiAicmFuZ28udGFza3MuaGVsbG9fbWVzc2FnZSIsICJ0aW1lbGltaXQiOiBbbnVsbCwgbnVsbF0sICJldGEiOiBudWxsLCAia3dhcmdzIjoge319\", \"headers\": {}, \"content-type\": \"application/json\", \"properties\": {\"body_encoding\": \"base64\", \"correlation_id\": \"396a6f09-26db-4617-938e-33ba776a3c46\", \"reply_to\": \"9c836780-0220-3e2a-a409-46479c4d8845\", \"delivery_info\": {\"priority\": 0, \"routing_key\": \"celery\", \"exchange\": \"celery\"}, \"delivery_mode\": 2, \"delivery_tag\": \"d059a7b3-3b67-490b-b29d-f75ded28dcd6\"}, \"content-encoding\": \"utf-8\"}"}, "model": "kombu_transport_django.message", "pk": 27}, {"fields": {"queue": 1, "visible": false, "sent_at": "2016-11-03T15:51:04.445Z", "payload": "{\"body\": \"eyJleHBpcmVzIjogbnVsbCwgInV0YyI6IHRydWUsICJhcmdzIjogWyIiXSwgImNob3JkIjogbnVsbCwgImNhbGxiYWNrcyI6IG51bGwsICJlcnJiYWNrcyI6IG51bGwsICJ0YXNrc2V0IjogbnVsbCwgImlkIjogIjI4OWQ5MzAwLWZjYzMtNDNmMy04NWU0LWVjOGMxNTYxNDk1ZiIsICJyZXRyaWVzIjogMCwgInRhc2siOiAicmFuZ28udGFza3MuaGVsbG9fbWVzc2FnZSIsICJ0aW1lbGltaXQiOiBbbnVsbCwgbnVsbF0sICJldGEiOiBudWxsLCAia3dhcmdzIjoge319\", \"headers\": {}, \"content-type\": \"application/json\", \"properties\": {\"body_encoding\": \"base64\", \"correlation_id\": \"289d9300-fcc3-43f3-85e4-ec8c1561495f\", \"reply_to\": \"7c359202-dffc-35b6-be8b-8f2f6b7324b8\", \"delivery_info\": {\"priority\": 0, \"routing_key\": \"celery\", \"exchange\": \"celery\"}, \"delivery_mode\": 2, \"delivery_tag\": \"599a8549-481a-4dd8-8dd4-e5a5bfd00a23\"}, \"content-encoding\": \"utf-8\"}"}, "model": "kombu_transport_django.message", "pk": 28}, {"fields": {"queue": 1, "visible": false, "sent_at": "2016-11-03T15:55:33.559Z", "payload": "{\"body\": \"eyJleHBpcmVzIjogbnVsbCwgInV0YyI6IHRydWUsICJhcmdzIjogWyJzcGVjaWFsbWVzc2FnZSJdLCAiY2hvcmQiOiBudWxsLCAiY2FsbGJhY2tzIjogbnVsbCwgImVycmJhY2tzIjogbnVsbCwgInRhc2tzZXQiOiBudWxsLCAiaWQiOiAiZjQ2YzhmOGEtMjk0My00ZTA5LTk5OTgtYWZiODIxYzIyYTIxIiwgInJldHJpZXMiOiAwLCAidGFzayI6ICJyYW5nby50YXNrcy5oZWxsb19tZXNzYWdlIiwgInRpbWVsaW1pdCI6IFtudWxsLCBudWxsXSwgImV0YSI6IG51bGwsICJrd2FyZ3MiOiB7fX0=\", \"headers\": {}, \"content-type\": \"application/json\", \"properties\": {\"body_encoding\": \"base64\", \"correlation_id\": \"f46c8f8a-2943-4e09-9998-afb821c22a21\", \"reply_to\": \"1ed0240d-072d-3ed7-bba0-bab562cdf668\", \"delivery_info\": {\"priority\": 0, \"routing_key\": \"celery\", \"exchange\": \"celery\"}, \"delivery_mode\": 2, \"delivery_tag\": \"11b4081d-4d1d-4449-8b48-8b239a0dd24f\"}, \"content-encoding\": \"utf-8\"}"}, "model": "kombu_transport_django.message", "pk": 29}, {"fields": {"queue": 1, "visible": false, "sent_at": "2016-11-03T15:57:03.806Z", "payload": "{\"body\": \"eyJleHBpcmVzIjogbnVsbCwgInV0YyI6IHRydWUsICJhcmdzIjogWyJzcGVjaWFsbWVzc2FnZSJdLCAiY2hvcmQiOiBudWxsLCAiY2FsbGJhY2tzIjogbnVsbCwgImVycmJhY2tzIjogbnVsbCwgInRhc2tzZXQiOiBudWxsLCAiaWQiOiAiNmI4OGQyZDUtYThiMy00OWY2LTkwMDAtZmRhYTc0MGQ5MTRhIiwgInJldHJpZXMiOiAwLCAidGFzayI6ICJyYW5nby50YXNrcy5oZWxsb19tZXNzYWdlIiwgInRpbWVsaW1pdCI6IFtudWxsLCBudWxsXSwgImV0YSI6IG51bGwsICJrd2FyZ3MiOiB7fX0=\", \"headers\": {}, \"content-type\": \"application/json\", \"properties\": {\"body_encoding\": \"base64\", \"correlation_id\": \"6b88d2d5-a8b3-49f6-9000-fdaa740d914a\", \"reply_to\": \"1ed0240d-072d-3ed7-bba0-bab562cdf668\", \"delivery_info\": {\"priority\": 0, \"routing_key\": \"celery\", \"exchange\": \"celery\"}, \"delivery_mode\": 2, \"delivery_tag\": \"eb51da24-3251-4059-940f-6dcabaecfbe4\"}, \"content-encoding\": \"utf-8\"}"}, "model": "kombu_transport_django.message", "pk": 30}, {"fields": {"queue": 1, "visible": false, "sent_at": "2016-11-03T16:02:05.588Z", "payload": "{\"body\": \"eyJleHBpcmVzIjogbnVsbCwgInV0YyI6IHRydWUsICJhcmdzIjogWyIua2praiJdLCAiY2hvcmQiOiBudWxsLCAiY2FsbGJhY2tzIjogbnVsbCwgImVycmJhY2tzIjogbnVsbCwgInRhc2tzZXQiOiBudWxsLCAiaWQiOiAiZDNiZDM5MTEtZWQ3My00MTE0LTgyNjctYWU5N2I4MDg1OTliIiwgInJldHJpZXMiOiAwLCAidGFzayI6ICJyYW5nby50YXNrcy5oZWxsb19tZXNzYWdlIiwgInRpbWVsaW1pdCI6IFtudWxsLCBudWxsXSwgImV0YSI6IG51bGwsICJrd2FyZ3MiOiB7fX0=\", \"headers\": {}, \"content-type\": \"application/json\", \"properties\": {\"body_encoding\": \"base64\", \"correlation_id\": \"d3bd3911-ed73-4114-8267-ae97b808599b\", \"reply_to\": \"1ed0240d-072d-3ed7-bba0-bab562cdf668\", \"delivery_info\": {\"priority\": 0, \"routing_key\": \"celery\", \"exchange\": \"celery\"}, \"delivery_mode\": 2, \"delivery_tag\": \"b1dacb8d-698b-44b1-a949-aba878b45d41\"}, \"content-encoding\": \"utf-8\"}"}, "model": "kombu_transport_django.message", "pk": 31}, {"fields": {"queue": 1, "visible": false, "sent_at": "2016-11-03T16:09:11.487Z", "payload": "{\"body\": \"eyJleHBpcmVzIjogbnVsbCwgInV0YyI6IHRydWUsICJhcmdzIjogWyIiXSwgImNob3JkIjogbnVsbCwgImNhbGxiYWNrcyI6IG51bGwsICJlcnJiYWNrcyI6IG51bGwsICJ0YXNrc2V0IjogbnVsbCwgImlkIjogIjEwNTIwMmQ1LWE4MzctNDgxNS04MWIwLTJhMTEzNmQ2Yjg5ZSIsICJyZXRyaWVzIjogMCwgInRhc2siOiAicmFuZ28udGFza3MuaGVsbG9fbWVzc2FnZSIsICJ0aW1lbGltaXQiOiBbbnVsbCwgbnVsbF0sICJldGEiOiBudWxsLCAia3dhcmdzIjoge319\", \"headers\": {}, \"content-type\": \"application/json\", \"properties\": {\"body_encoding\": \"base64\", \"correlation_id\": \"105202d5-a837-4815-81b0-2a1136d6b89e\", \"reply_to\": \"2cd693f8-c785-3a12-ab0c-a7b98f28ac12\", \"delivery_info\": {\"priority\": 0, \"routing_key\": \"celery\", \"exchange\": \"celery\"}, \"delivery_mode\": 2, \"delivery_tag\": \"734986c6-0f35-4fba-821c-6545c12edc1d\"}, \"content-encoding\": \"utf-8\"}"}, "model": "kombu_transport_django.message", "pk": 32}, {"fields": {"queue": 1, "visible": false, "sent_at": "2016-11-03T16:13:42.793Z", "payload": "{\"body\": \"eyJleHBpcmVzIjogbnVsbCwgInV0YyI6IHRydWUsICJhcmdzIjogWyIiXSwgImNob3JkIjogbnVsbCwgImNhbGxiYWNrcyI6IG51bGwsICJlcnJiYWNrcyI6IG51bGwsICJ0YXNrc2V0IjogbnVsbCwgImlkIjogIjZmYTJhZTYxLTJjYmUtNDk3OC04ODI4LTEyYTMyZDVlNDI1YSIsICJyZXRyaWVzIjogMCwgInRhc2siOiAicmFuZ28udGFza3MuaGVsbG9fbWVzc2FnZSIsICJ0aW1lbGltaXQiOiBbbnVsbCwgbnVsbF0sICJldGEiOiBudWxsLCAia3dhcmdzIjoge319\", \"headers\": {}, \"content-type\": \"application/json\", \"properties\": {\"body_encoding\": \"base64\", \"correlation_id\": \"6fa2ae61-2cbe-4978-8828-12a32d5e425a\", \"reply_to\": \"2cd693f8-c785-3a12-ab0c-a7b98f28ac12\", \"delivery_info\": {\"priority\": 0, \"routing_key\": \"celery\", \"exchange\": \"celery\"}, \"delivery_mode\": 2, \"delivery_tag\": \"28b31265-fe85-4049-b9dd-ab22006cfe0a\"}, \"content-encoding\": \"utf-8\"}"}, "model": "kombu_transport_django.message", "pk": 33}, {"fields": {"queue": 1, "visible": false, "sent_at": "2016-11-03T16:14:49.453Z", "payload": "{\"body\": \"eyJleHBpcmVzIjogbnVsbCwgInV0YyI6IHRydWUsICJhcmdzIjogWyIiXSwgImNob3JkIjogbnVsbCwgImNhbGxiYWNrcyI6IG51bGwsICJlcnJiYWNrcyI6IG51bGwsICJ0YXNrc2V0IjogbnVsbCwgImlkIjogImQwMWIyYjM1LWVhNTgtNDJkOS05ZTliLWRiMzNhNDAxMmI1OCIsICJyZXRyaWVzIjogMCwgInRhc2siOiAicmFuZ28udGFza3MuaGVsbG9fbWVzc2FnZSIsICJ0aW1lbGltaXQiOiBbbnVsbCwgbnVsbF0sICJldGEiOiBudWxsLCAia3dhcmdzIjoge319\", \"headers\": {}, \"content-type\": \"application/json\", \"properties\": {\"body_encoding\": \"base64\", \"correlation_id\": \"d01b2b35-ea58-42d9-9e9b-db33a4012b58\", \"reply_to\": \"5350ed6b-9b40-397d-8259-1ce925442402\", \"delivery_info\": {\"priority\": 0, \"routing_key\": \"celery\", \"exchange\": \"celery\"}, \"delivery_mode\": 2, \"delivery_tag\": \"ae52acd7-0ab4-4018-8ed4-d12b11f98f23\"}, \"content-encoding\": \"utf-8\"}"}, "model": "kombu_transport_django.message", "pk": 34}, {"fields": {"queue": 1, "visible": false, "sent_at": "2016-11-03T16:14:54.096Z", "payload": "{\"body\": \"eyJleHBpcmVzIjogbnVsbCwgInV0YyI6IHRydWUsICJhcmdzIjogWyIiXSwgImNob3JkIjogbnVsbCwgImNhbGxiYWNrcyI6IG51bGwsICJlcnJiYWNrcyI6IG51bGwsICJ0YXNrc2V0IjogbnVsbCwgImlkIjogIjBiN2E2MTczLTMyZTktNDk0OS04NzZlLWViZWJjZGJmM2JlMCIsICJyZXRyaWVzIjogMCwgInRhc2siOiAicmFuZ28udGFza3MuaGVsbG9fbWVzc2FnZSIsICJ0aW1lbGltaXQiOiBbbnVsbCwgbnVsbF0sICJldGEiOiBudWxsLCAia3dhcmdzIjoge319\", \"headers\": {}, \"content-type\": \"application/json\", \"properties\": {\"body_encoding\": \"base64\", \"correlation_id\": \"0b7a6173-32e9-4949-876e-ebebcdbf3be0\", \"reply_to\": \"5350ed6b-9b40-397d-8259-1ce925442402\", \"delivery_info\": {\"priority\": 0, \"routing_key\": \"celery\", \"exchange\": \"celery\"}, \"delivery_mode\": 2, \"delivery_tag\": \"59d5b439-2a20-402f-adb6-36ece8a8e997\"}, \"content-encoding\": \"utf-8\"}"}, "model": "kombu_transport_django.message", "pk": 35}, {"fields": {"queue": 1, "visible": false, "sent_at": "2016-11-03T16:14:58.410Z", "payload": "{\"body\": \"eyJleHBpcmVzIjogbnVsbCwgInV0YyI6IHRydWUsICJhcmdzIjogWyJoZWxsbyJdLCAiY2hvcmQiOiBudWxsLCAiY2FsbGJhY2tzIjogbnVsbCwgImVycmJhY2tzIjogbnVsbCwgInRhc2tzZXQiOiBudWxsLCAiaWQiOiAiYTM0ZmVmMjEtYmZkZC00Y2FhLWE0ODktOTY4Y2ZlMzM5NzAxIiwgInJldHJpZXMiOiAwLCAidGFzayI6ICJyYW5nby50YXNrcy5oZWxsb19tZXNzYWdlIiwgInRpbWVsaW1pdCI6IFtudWxsLCBudWxsXSwgImV0YSI6IG51bGwsICJrd2FyZ3MiOiB7fX0=\", \"headers\": {}, \"content-type\": \"application/json\", \"properties\": {\"body_encoding\": \"base64\", \"correlation_id\": \"a34fef21-bfdd-4caa-a489-968cfe339701\", \"reply_to\": \"5350ed6b-9b40-397d-8259-1ce925442402\", \"delivery_info\": {\"priority\": 0, \"routing_key\": \"celery\", \"exchange\": \"celery\"}, \"delivery_mode\": 2, \"delivery_tag\": \"3b1e8b28-0ff8-46a7-9f1a-0c004358c3d3\"}, \"content-encoding\": \"utf-8\"}"}, "model": "kombu_transport_django.message", "pk": 36}, {"fields": {"queue": 1, "visible": false, "sent_at": "2016-11-03T16:16:19.734Z", "payload": "{\"body\": \"eyJleHBpcmVzIjogbnVsbCwgInV0YyI6IHRydWUsICJhcmdzIjogWyJoZWxsbyJdLCAiY2hvcmQiOiBudWxsLCAiY2FsbGJhY2tzIjogbnVsbCwgImVycmJhY2tzIjogbnVsbCwgInRhc2tzZXQiOiBudWxsLCAiaWQiOiAiNjI3MGFjZjctNjg2ZC00MjJlLTlkNWEtZjliZmZiNzFjZGFkIiwgInJldHJpZXMiOiAwLCAidGFzayI6ICJyYW5nby50YXNrcy5oZWxsb19tZXNzYWdlIiwgInRpbWVsaW1pdCI6IFtudWxsLCBudWxsXSwgImV0YSI6IG51bGwsICJrd2FyZ3MiOiB7fX0=\", \"headers\": {}, \"content-type\": \"application/json\", \"properties\": {\"body_encoding\": \"base64\", \"correlation_id\": \"6270acf7-686d-422e-9d5a-f9bffb71cdad\", \"reply_to\": \"64254418-01d6-3907-8123-3f37421d7976\", \"delivery_info\": {\"priority\": 0, \"routing_key\": \"celery\", \"exchange\": \"celery\"}, \"delivery_mode\": 2, \"delivery_tag\": \"44cd5501-2ad7-49a2-9f6d-b580f8ae0d26\"}, \"content-encoding\": \"utf-8\"}"}, "model": "kombu_transport_django.message", "pk": 37}, {"fields": {"queue": 1, "visible": false, "sent_at": "2016-11-03T16:16:22.129Z", "payload": "{\"body\": \"eyJleHBpcmVzIjogbnVsbCwgInV0YyI6IHRydWUsICJhcmdzIjogWyIiXSwgImNob3JkIjogbnVsbCwgImNhbGxiYWNrcyI6IG51bGwsICJlcnJiYWNrcyI6IG51bGwsICJ0YXNrc2V0IjogbnVsbCwgImlkIjogIjNiZTViNDFkLWI3ZmYtNGE4NS05NjY1LTBkYzg1NTY2Nzk3NyIsICJyZXRyaWVzIjogMCwgInRhc2siOiAicmFuZ28udGFza3MuaGVsbG9fbWVzc2FnZSIsICJ0aW1lbGltaXQiOiBbbnVsbCwgbnVsbF0sICJldGEiOiBudWxsLCAia3dhcmdzIjoge319\", \"headers\": {}, \"content-type\": \"application/json\", \"properties\": {\"body_encoding\": \"base64\", \"correlation_id\": \"3be5b41d-b7ff-4a85-9665-0dc855667977\", \"reply_to\": \"64254418-01d6-3907-8123-3f37421d7976\", \"delivery_info\": {\"priority\": 0, \"routing_key\": \"celery\", \"exchange\": \"celery\"}, \"delivery_mode\": 2, \"delivery_tag\": \"e88519b7-2531-4989-a6fb-2294960570fe\"}, \"content-encoding\": \"utf-8\"}"}, "model": "kombu_transport_django.message", "pk": 38}, {"fields": {"queue": 1, "visible": false, "sent_at": "2016-11-03T16:16:40.563Z", "payload": "{\"body\": \"eyJleHBpcmVzIjogbnVsbCwgInV0YyI6IHRydWUsICJhcmdzIjogWyIiXSwgImNob3JkIjogbnVsbCwgImNhbGxiYWNrcyI6IG51bGwsICJlcnJiYWNrcyI6IG51bGwsICJ0YXNrc2V0IjogbnVsbCwgImlkIjogIjI4ZmQ3N2JkLTAxMjktNDFjYy05NjEyLTExOGYzODdmZDFmZiIsICJyZXRyaWVzIjogMCwgInRhc2siOiAicmFuZ28udGFza3MuaGVsbG9fbWVzc2FnZSIsICJ0aW1lbGltaXQiOiBbbnVsbCwgbnVsbF0sICJldGEiOiBudWxsLCAia3dhcmdzIjoge319\", \"headers\": {}, \"content-type\": \"application/json\", \"properties\": {\"body_encoding\": \"base64\", \"correlation_id\": \"28fd77bd-0129-41cc-9612-118f387fd1ff\", \"reply_to\": \"64254418-01d6-3907-8123-3f37421d7976\", \"delivery_info\": {\"priority\": 0, \"routing_key\": \"celery\", \"exchange\": \"celery\"}, \"delivery_mode\": 2, \"delivery_tag\": \"b86ded7a-1ea5-4137-8898-8f38fc28526f\"}, \"content-encoding\": \"utf-8\"}"}, "model": "kombu_transport_django.message", "pk": 39}, {"fields": {"queue": 1, "visible": true, "sent_at": "2016-11-03T16:16:46.364Z", "payload": "{\"body\": \"eyJleHBpcmVzIjogbnVsbCwgInV0YyI6IHRydWUsICJhcmdzIjogWyJoZXkiXSwgImNob3JkIjogbnVsbCwgImNhbGxiYWNrcyI6IG51bGwsICJlcnJiYWNrcyI6IG51bGwsICJ0YXNrc2V0IjogbnVsbCwgImlkIjogIjE1YjNmY2UyLTcyMTUtNDUxNi04ZTA4LTgzYTI4MTExNjIwZiIsICJyZXRyaWVzIjogMCwgInRhc2siOiAicmFuZ28udGFza3MuaGVsbG9fbWVzc2FnZSIsICJ0aW1lbGltaXQiOiBbbnVsbCwgbnVsbF0sICJldGEiOiBudWxsLCAia3dhcmdzIjoge319\", \"headers\": {}, \"content-type\": \"application/json\", \"properties\": {\"body_encoding\": \"base64\", \"correlation_id\": \"15b3fce2-7215-4516-8e08-83a28111620f\", \"reply_to\": \"64254418-01d6-3907-8123-3f37421d7976\", \"delivery_info\": {\"priority\": 0, \"routing_key\": \"celery\", \"exchange\": \"celery\"}, \"delivery_mode\": 2, \"delivery_tag\": \"2b80f17a-462e-4450-abc8-f252920b32a1\"}, \"content-encoding\": \"utf-8\"}"}, "model": "kombu_transport_django.message", "pk": 40}, {"fields": {"queue": 1, "visible": true, "sent_at": "2016-11-03T16:22:28.979Z", "payload": "{\"body\": \"eyJleHBpcmVzIjogbnVsbCwgInV0YyI6IHRydWUsICJhcmdzIjogWyJmaXJzdCJdLCAiY2hvcmQiOiBudWxsLCAiY2FsbGJhY2tzIjogbnVsbCwgImVycmJhY2tzIjogbnVsbCwgInRhc2tzZXQiOiBudWxsLCAiaWQiOiAiYTRjNTRmMmYtZWY1Ni00NTNmLWFiNGUtNjBmODU2YzQ4NDZkIiwgInJldHJpZXMiOiAwLCAidGFzayI6ICJyYW5nby50YXNrcy5oZWxsb19tZXNzYWdlIiwgInRpbWVsaW1pdCI6IFtudWxsLCBudWxsXSwgImV0YSI6IG51bGwsICJrd2FyZ3MiOiB7fX0=\", \"headers\": {}, \"content-type\": \"application/json\", \"properties\": {\"body_encoding\": \"base64\", \"correlation_id\": \"a4c54f2f-ef56-453f-ab4e-60f856c4846d\", \"reply_to\": \"9028fd27-6860-30db-ba04-b39f15bbd3b6\", \"delivery_info\": {\"priority\": 0, \"routing_key\": \"celery\", \"exchange\": \"celery\"}, \"delivery_mode\": 2, \"delivery_tag\": \"02bde2c5-bc08-4f81-9c09-54b57ba2f3fb\"}, \"content-encoding\": \"utf-8\"}"}, "model": "kombu_transport_django.message", "pk": 41}, {"fields": {"queue": 1, "visible": true, "sent_at": "2016-11-03T16:23:17.998Z", "payload": "{\"body\": \"eyJleHBpcmVzIjogbnVsbCwgInV0YyI6IHRydWUsICJhcmdzIjogWyJmaXJzdCJdLCAiY2hvcmQiOiBudWxsLCAiY2FsbGJhY2tzIjogbnVsbCwgImVycmJhY2tzIjogbnVsbCwgInRhc2tzZXQiOiBudWxsLCAiaWQiOiAiZWQwOTNmMjAtMDA2ZS00YjUwLWJkYTgtNGYzNTBmNjgyMTVkIiwgInJldHJpZXMiOiAwLCAidGFzayI6ICJyYW5nby50YXNrcy5oZWxsb19tZXNzYWdlIiwgInRpbWVsaW1pdCI6IFtudWxsLCBudWxsXSwgImV0YSI6IG51bGwsICJrd2FyZ3MiOiB7fX0=\", \"headers\": {}, \"content-type\": \"application/json\", \"properties\": {\"body_encoding\": \"base64\", \"correlation_id\": \"ed093f20-006e-4b50-bda8-4f350f68215d\", \"reply_to\": \"8f576013-20b8-3b1c-b4dd-b7155a1c31d2\", \"delivery_info\": {\"priority\": 0, \"routing_key\": \"celery\", \"exchange\": \"celery\"}, \"delivery_mode\": 2, \"delivery_tag\": \"5da9f077-e7ed-4808-a30d-b321893c1725\"}, \"content-encoding\": \"utf-8\"}"}, "model": "kombu_transport_django.message", "pk": 42}, {"fields": {"queue": 1, "visible": true, "sent_at": "2016-11-03T16:23:19.877Z", "payload": "{\"body\": \"eyJleHBpcmVzIjogbnVsbCwgInV0YyI6IHRydWUsICJhcmdzIjogWyIiXSwgImNob3JkIjogbnVsbCwgImNhbGxiYWNrcyI6IG51bGwsICJlcnJiYWNrcyI6IG51bGwsICJ0YXNrc2V0IjogbnVsbCwgImlkIjogImUzNWQwZmU0LWFkY2UtNDEzYS1iZGIzLTY0ZGY0NmI1ZDBlMCIsICJyZXRyaWVzIjogMCwgInRhc2siOiAicmFuZ28udGFza3MuaGVsbG9fbWVzc2FnZSIsICJ0aW1lbGltaXQiOiBbbnVsbCwgbnVsbF0sICJldGEiOiBudWxsLCAia3dhcmdzIjoge319\", \"headers\": {}, \"content-type\": \"application/json\", \"properties\": {\"body_encoding\": \"base64\", \"correlation_id\": \"e35d0fe4-adce-413a-bdb3-64df46b5d0e0\", \"reply_to\": \"8f576013-20b8-3b1c-b4dd-b7155a1c31d2\", \"delivery_info\": {\"priority\": 0, \"routing_key\": \"celery\", \"exchange\": \"celery\"}, \"delivery_mode\": 2, \"delivery_tag\": \"9b4b47b2-1463-463a-b512-eb8cf038f742\"}, \"content-encoding\": \"utf-8\"}"}, "model": "kombu_transport_django.message", "pk": 43}, {"fields": {"queue": 1, "visible": true, "sent_at": "2016-11-03T16:23:21.659Z", "payload": "{\"body\": \"eyJleHBpcmVzIjogbnVsbCwgInV0YyI6IHRydWUsICJhcmdzIjogWyJkIl0sICJjaG9yZCI6IG51bGwsICJjYWxsYmFja3MiOiBudWxsLCAiZXJyYmFja3MiOiBudWxsLCAidGFza3NldCI6IG51bGwsICJpZCI6ICI5ZGY5MTBjZC1kZTU3LTQwYTAtOWVkMy0wMzQ0YzA4M2Y4OWIiLCAicmV0cmllcyI6IDAsICJ0YXNrIjogInJhbmdvLnRhc2tzLmhlbGxvX21lc3NhZ2UiLCAidGltZWxpbWl0IjogW251bGwsIG51bGxdLCAiZXRhIjogbnVsbCwgImt3YXJncyI6IHt9fQ==\", \"headers\": {}, \"content-type\": \"application/json\", \"properties\": {\"body_encoding\": \"base64\", \"correlation_id\": \"9df910cd-de57-40a0-9ed3-0344c083f89b\", \"reply_to\": \"8f576013-20b8-3b1c-b4dd-b7155a1c31d2\", \"delivery_info\": {\"priority\": 0, \"routing_key\": \"celery\", \"exchange\": \"celery\"}, \"delivery_mode\": 2, \"delivery_tag\": \"96c34fe1-b5bc-4f51-bc5a-447d50bbbb1e\"}, \"content-encoding\": \"utf-8\"}"}, "model": "kombu_transport_django.message", "pk": 44}, {"fields": {"queue": 1, "visible": true, "sent_at": "2016-11-03T17:27:54.663Z", "payload": "{\"body\": \"eyJleHBpcmVzIjogbnVsbCwgInV0YyI6IHRydWUsICJhcmdzIjogWyJmaXJzdCJdLCAiY2hvcmQiOiBudWxsLCAiY2FsbGJhY2tzIjogbnVsbCwgImVycmJhY2tzIjogbnVsbCwgInRhc2tzZXQiOiBudWxsLCAiaWQiOiAiZDYzOWU3MmEtMDE3OS00NjRmLTg3ZDQtNWNlZDAwYWIwZWFlIiwgInJldHJpZXMiOiAwLCAidGFzayI6ICJyYW5nby50YXNrcy5oZWxsb19tZXNzYWdlIiwgInRpbWVsaW1pdCI6IFtudWxsLCBudWxsXSwgImV0YSI6IG51bGwsICJrd2FyZ3MiOiB7fX0=\", \"headers\": {}, \"content-type\": \"application/json\", \"properties\": {\"body_encoding\": \"base64\", \"correlation_id\": \"d639e72a-0179-464f-87d4-5ced00ab0eae\", \"reply_to\": \"cf36ce8d-9008-3be5-b379-6b998551faed\", \"delivery_info\": {\"priority\": 0, \"routing_key\": \"celery\", \"exchange\": \"celery\"}, \"delivery_mode\": 2, \"delivery_tag\": \"39bab17b-9cf7-4eaf-a6b8-1f7eb7916e7f\"}, \"content-encoding\": \"utf-8\"}"}, "model": "kombu_transport_django.message", "pk": 45}, {"fields": {"queue": 1, "visible": true, "sent_at": "2016-11-03T17:28:26.528Z", "payload": "{\"body\": \"eyJleHBpcmVzIjogbnVsbCwgInV0YyI6IHRydWUsICJhcmdzIjogWyJmaXJzdCJdLCAiY2hvcmQiOiBudWxsLCAiY2FsbGJhY2tzIjogbnVsbCwgImVycmJhY2tzIjogbnVsbCwgInRhc2tzZXQiOiBudWxsLCAiaWQiOiAiYjU3MzA2ZmUtZjYyYS00ODg3LWE1YzgtNjEwM2ZiYmU2NjI3IiwgInJldHJpZXMiOiAwLCAidGFzayI6ICJyYW5nby50YXNrcy5oZWxsb19tZXNzYWdlIiwgInRpbWVsaW1pdCI6IFtudWxsLCBudWxsXSwgImV0YSI6IG51bGwsICJrd2FyZ3MiOiB7fX0=\", \"headers\": {}, \"content-type\": \"application/json\", \"properties\": {\"body_encoding\": \"base64\", \"correlation_id\": \"b57306fe-f62a-4887-a5c8-6103fbbe6627\", \"reply_to\": \"01432d82-1fca-359c-ace3-f43ca122bde4\", \"delivery_info\": {\"priority\": 0, \"routing_key\": \"celery\", \"exchange\": \"celery\"}, \"delivery_mode\": 2, \"delivery_tag\": \"2bd06ec6-a3d8-4e34-acff-5a871a2729c8\"}, \"content-encoding\": \"utf-8\"}"}, "model": "kombu_transport_django.message", "pk": 46}, {"fields": {"codename": "add_logentry", "name": "Can add log entry", "content_type": 1}, "model": "auth.permission", "pk": 1}, {"fields": {"codename": "change_logentry", "name": "Can change log entry", "content_type": 1}, "model": "auth.permission", "pk": 2}, {"fields": {"codename": "delete_logentry", "name": "Can delete log entry", "content_type": 1}, "model": "auth.permission", "pk": 3}, {"fields": {"codename": "add_permission", "name": "Can add permission", "content_type": 2}, "model": "auth.permission", "pk": 4}, {"fields": {"codename": "change_permission", "name": "Can change permission", "content_type": 2}, "model": "auth.permission", "pk": 5}, {"fields": {"codename": "delete_permission", "name": "Can delete permission", "content_type": 2}, "model": "auth.permission", "pk": 6}, {"fields": {"codename": "add_group", "name": "Can add group", "content_type": 3}, "model": "auth.permission", "pk": 7}, {"fields": {"codename": "change_group", "name": "Can change group", "content_type": 3}, "model": "auth.permission", "pk": 8}, {"fields": {"codename": "delete_group", "name": "Can delete group", "content_type": 3}, "model": "auth.permission", "pk": 9}, {"fields": {"codename": "add_user", "name": "Can add user", "content_type": 4}, "model": "auth.permission", "pk": 10}, {"fields": {"codename": "change_user", "name": "Can change user", "content_type": 4}, "model": "auth.permission", "pk": 11}, {"fields": {"codename": "delete_user", "name": "Can delete user", "content_type": 4}, "model": "auth.permission", "pk": 12}, {"fields": {"codename": "add_contenttype", "name": "Can add content type", "content_type": 5}, "model": "auth.permission", "pk": 13}, {"fields": {"codename": "change_contenttype", "name": "Can change content type", "content_type": 5}, "model": "auth.permission", "pk": 14}, {"fields": {"codename": "delete_contenttype", "name": "Can delete content type", "content_type": 5}, "model": "auth.permission", "pk": 15}, {"fields": {"codename": "add_session", "name": "Can add session", "content_type": 6}, "model": "auth.permission", "pk": 16}, {"fields": {"codename": "change_session", "name": "Can change session", "content_type": 6}, "model": "auth.permission", "pk": 17}, {"fields": {"codename": "delete_session", "name": "Can delete session", "content_type": 6}, "model": "auth.permission", "pk": 18}, {"fields": {"codename": "add_category", "name": "Can add category", "content_type": 7}, "model": "auth.permission", "pk": 19}, {"fields": {"codename": "change_category", "name": "Can change category", "content_type": 7}, "model": "auth.permission", "pk": 20}, {"fields": {"codename": "delete_category", "name": "Can delete category", "content_type": 7}, "model": "auth.permission", "pk": 21}, {"fields": {"codename": "add_page", "name": "Can add page", "content_type": 8}, "model": "auth.permission", "pk": 22}, {"fields": {"codename": "change_page", "name": "Can change page", "content_type": 8}, "model": "auth.permission", "pk": 23}, {"fields": {"codename": "delete_page", "name": "Can delete page", "content_type": 8}, "model": "auth.permission", "pk": 24}, {"fields": {"codename": "add_userprofile", "name": "Can add user profile", "content_type": 9}, "model": "auth.permission", "pk": 25}, {"fields": {"codename": "change_userprofile", "name": "Can change user profile", "content_type": 9}, "model": "auth.permission", "pk": 26}, {"fields": {"codename": "delete_userprofile", "name": "Can delete user profile", "content_type": 9}, "model": "auth.permission", "pk": 27}, {"fields": {"codename": "add_taskmeta", "name": "Can add task state", "content_type": 10}, "model": "auth.permission", "pk": 28}, {"fields": {"codename": "change_taskmeta", "name": "Can change task state", "content_type": 10}, "model": "auth.permission", "pk": 29}, {"fields": {"codename": "delete_taskmeta", "name": "Can delete task state", "content_type": 10}, "model": "auth.permission", "pk": 30}, {"fields": {"codename": "add_tasksetmeta", "name": "Can add saved group result", "content_type": 11}, "model": "auth.permission", "pk": 31}, {"fields": {"codename": "change_tasksetmeta", "name": "Can change saved group result", "content_type": 11}, "model": "auth.permission", "pk": 32}, {"fields": {"codename": "delete_tasksetmeta", "name": "Can delete saved group result", "content_type": 11}, "model": "auth.permission", "pk": 33}, {"fields": {"codename": "add_intervalschedule", "name": "Can add interval", "content_type": 12}, "model": "auth.permission", "pk": 34}, {"fields": {"codename": "change_intervalschedule", "name": "Can change interval", "content_type": 12}, "model": "auth.permission", "pk": 35}, {"fields": {"codename": "delete_intervalschedule", "name": "Can delete interval", "content_type": 12}, "model": "auth.permission", "pk": 36}, {"fields": {"codename": "add_crontabschedule", "name": "Can add crontab", "content_type": 13}, "model": "auth.permission", "pk": 37}, {"fields": {"codename": "change_crontabschedule", "name": "Can change crontab", "content_type": 13}, "model": "auth.permission", "pk": 38}, {"fields": {"codename": "delete_crontabschedule", "name": "Can delete crontab", "content_type": 13}, "model": "auth.permission", "pk": 39}, {"fields": {"codename": "add_periodictasks", "name": "Can add periodic tasks", "content_type": 14}, "model": "auth.permission", "pk": 40}, {"fields": {"codename": "change_periodictasks", "name": "Can change periodic tasks", "content_type": 14}, "model": "auth.permission", "pk": 41}, {"fields": {"codename": "delete_periodictasks", "name": "Can delete periodic tasks", "content_type": 14}, "model": "auth.permission", "pk": 42}, {"fields": {"codename": "add_periodictask", "name": "Can add periodic task", "content_type": 15}, "model": "auth.permission", "pk": 43}, {"fields": {"codename": "change_periodictask", "name": "Can change periodic task", "content_type": 15}, "model": "auth.permission", "pk": 44}, {"fields": {"codename": "delete_periodictask", "name": "Can delete periodic task", "content_type": 15}, "model": "auth.permission", "pk": 45}, {"fields": {"codename": "add_workerstate", "name": "Can add worker", "content_type": 16}, "model": "auth.permission", "pk": 46}, {"fields": {"codename": "change_workerstate", "name": "Can change worker", "content_type": 16}, "model": "auth.permission", "pk": 47}, {"fields": {"codename": "delete_workerstate", "name": "Can delete worker", "content_type": 16}, "model": "auth.permission", "pk": 48}, {"fields": {"codename": "add_taskstate", "name": "Can add task", "content_type": 17}, "model": "auth.permission", "pk": 49}, {"fields": {"codename": "change_taskstate", "name": "Can change task", "content_type": 17}, "model": "auth.permission", "pk": 50}, {"fields": {"codename": "delete_taskstate", "name": "Can delete task", "content_type": 17}, "model": "auth.permission", "pk": 51}, {"fields": {"codename": "add_queue", "name": "Can add queue", "content_type": 18}, "model": "auth.permission", "pk": 52}, {"fields": {"codename": "change_queue", "name": "Can change queue", "content_type": 18}, "model": "auth.permission", "pk": 53}, {"fields": {"codename": "delete_queue", "name": "Can delete queue", "content_type": 18}, "model": "auth.permission", "pk": 54}, {"fields": {"codename": "add_message", "name": "Can add message", "content_type": 19}, "model": "auth.permission", "pk": 55}, {"fields": {"codename": "change_message", "name": "Can change message", "content_type": 19}, "model": "auth.permission", "pk": 56}, {"fields": {"codename": "delete_message", "name": "Can delete message", "content_type": 19}, "model": "auth.permission", "pk": 57}, {"fields": {"codename": "add_celeryresponse", "name": "Can add celery response", "content_type": 20}, "model": "auth.permission", "pk": 58}, {"fields": {"codename": "change_celeryresponse", "name": "Can change celery response", "content_type": 20}, "model": "auth.permission", "pk": 59}, {"fields": {"codename": "delete_celeryresponse", "name": "Can delete celery response", "content_type": 20}, "model": "auth.permission", "pk": 60}, {"fields": {"username": "rishub", "first_name": "", "last_name": "", "is_active": true, "is_superuser": true, "is_staff": true, "last_login": "2016-11-03T15:13:27.905Z", "groups": [], "user_permissions": [], "password": "pbkdf2_sha256$20000$doHdb0WijUU9$I90RPXdOSX8CvTlBbsblHRIIzvt9wtgwZYYAFTTnaTw=", "email": "rishubnahar@gmail.com", "date_joined": "2016-07-31T22:32:58.364Z"}, "model": "auth.user", "pk": 1}, {"fields": {"username": "rish", "first_name": "", "last_name": "", "is_active": true, "is_superuser": false, "is_staff": false, "last_login": null, "groups": [], "user_permissions": [], "password": "pbkdf2_sha256$24000$jpB5O8elEVlB$ep31x9Z5uECSOIBXixMvtAoY8550lpJnvFbPRFdlx+Y=", "email": "rishubnahar@gmail.com", "date_joined": "2016-08-31T17:59:04.790Z"}, "model": "auth.user", "pk": 2}, {"fields": {"username": "rishubnahar21", "first_name": "", "last_name": "", "is_active": true, "is_superuser": false, "is_staff": false, "last_login": null, "groups": [], "user_permissions": [], "password": "pbkdf2_sha256$24000$2NK5KAD4QuIn$35ZdKKlp9qj12c8GzsUxS3HZP2ODI8lz9Q4MDst8skM=", "email": "rishubnahar@gmail.com", "date_joined": "2016-09-13T15:55:28.017Z"}, "model": "auth.user", "pk": 3}, {"fields": {"username": "niad", "first_name": "", "last_name": "", "is_active": true, "is_superuser": false, "is_staff": false, "last_login": null, "groups": [], "user_permissions": [], "password": "pbkdf2_sha256$24000$jIsbJmvGuUpA$JYjiWk3lU+DGwDHDDVtfdE7vFCDtD6rGivFVqkMiIrw=", "email": "niad@gmail.com", "date_joined": "2016-09-22T15:58:31.587Z"}, "model": "auth.user", "pk": 4}, {"fields": {"username": "niaid", "first_name": "", "last_name": "", "is_active": true, "is_superuser": false, "is_staff": false, "last_login": "2016-09-22T16:03:56.687Z", "groups": [], "user_permissions": [], "password": "pbkdf2_sha256$24000$VOm0E7dQ0GkT$DMFwehZdXntnB3q7ZrAvO/vdujXMiCmSs4/C96QxARI=", "email": "niad@gmail.com", "date_joined": "2016-09-22T16:03:46.304Z"}, "model": "auth.user", "pk": 5}, {"fields": {"username": "nih", "first_name": "", "last_name": "", "is_active": true, "is_superuser": false, "is_staff": false, "last_login": "2016-09-22T16:51:27.407Z", "groups": [], "user_permissions": [], "password": "pbkdf2_sha256$24000$Bp6nzmoe48mR$DBUTqys+D22YbqecHdh0nS+iWYCJsD78Wf5R+vNBrAE=", "email": "niad@gmail.com", "date_joined": "2016-09-22T16:51:12.412Z"}, "model": "auth.user", "pk": 6}, {"fields": {"username": "ojas", "first_name": "", "last_name": "", "is_active": true, "is_superuser": false, "is_staff": false, "last_login": "2016-09-29T14:22:13.255Z", "groups": [], "user_permissions": [], "password": "pbkdf2_sha256$24000$1gi34cE3S4Nl$lhX3IHy/GpRu7XKdGSxX1nmnusrDazb7BI/yDPMF96o=", "email": "oj@gmail.com", "date_joined": "2016-09-25T17:36:34.555Z"}, "model": "auth.user", "pk": 7}, {"fields": {"username": "nih2", "first_name": "", "last_name": "", "is_active": true, "is_superuser": false, "is_staff": false, "last_login": null, "groups": [], "user_permissions": [], "password": "pbkdf2_sha256$24000$i8CRLZPnCIRi$7pvA5A+TLe+ysf1h24n9e/dZMO1vIjix3uU7VVMWPV4=", "email": "rishubnahar@gmail.com", "date_joined": "2016-10-04T17:34:34.870Z"}, "model": "auth.user", "pk": 8}, {"fields": {"website": "http://www.tangowithdjango.com/book17/", "user": 3}, "model": "rango.userprofile", "pk": 2}, {"fields": {"website": "https://www.nih.gov/", "user": 8}, "model": "rango.userprofile", "pk": 7}, {"fields": {"action_flag": 1, "action_time": "2016-07-31T22:43:59.766Z", "object_repr": "food", "object_id": "1", "change_message": "Added.", "user": 1, "content_type": 7}, "model": "admin.logentry", "pk": 1}, {"fields": {"action_flag": 2, "action_time": "2016-07-31T22:44:04.794Z", "object_repr": "food", "object_id": "1", "change_message": "No fields changed.", "user": 1, "content_type": 7}, "model": "admin.logentry", "pk": 2}, {"fields": {"action_flag": 1, "action_time": "2016-07-31T22:44:07.537Z", "object_repr": "clothing", "object_id": "2", "change_message": "Added.", "user": 1, "content_type": 7}, "model": "admin.logentry", "pk": 3}, {"fields": {"action_flag": 1, "action_time": "2016-08-01T16:22:37.538Z", "object_repr": "d", "object_id": "3", "change_message": "Added.", "user": 1, "content_type": 7}, "model": "admin.logentry", "pk": 4}, {"fields": {"action_flag": 3, "action_time": "2016-08-01T16:22:40.942Z", "object_repr": "d", "object_id": "3", "change_message": "", "user": 1, "content_type": 7}, "model": "admin.logentry", "pk": 5}, {"fields": {"action_flag": 3, "action_time": "2016-08-01T16:23:03.678Z", "object_repr": "clothing", "object_id": "2", "change_message": "", "user": 1, "content_type": 7}, "model": "admin.logentry", "pk": 6}, {"fields": {"action_flag": 3, "action_time": "2016-08-01T16:23:03.685Z", "object_repr": "food", "object_id": "1", "change_message": "", "user": 1, "content_type": 7}, "model": "admin.logentry", "pk": 7}, {"fields": {"action_flag": 2, "action_time": "2016-08-04T20:11:08.183Z", "object_repr": "Other Frameworks", "object_id": "6", "change_message": "Changed views and likes.", "user": 1, "content_type": 7}, "model": "admin.logentry", "pk": 8}, {"fields": {"action_flag": 2, "action_time": "2016-08-04T20:11:13.211Z", "object_repr": "Other Frameworks", "object_id": "6", "change_message": "No fields changed.", "user": 1, "content_type": 7}, "model": "admin.logentry", "pk": 9}, {"fields": {"action_flag": 2, "action_time": "2016-08-04T20:13:19.662Z", "object_repr": "Python", "object_id": "4", "change_message": "Changed views and likes.", "user": 1, "content_type": 7}, "model": "admin.logentry", "pk": 10}, {"fields": {"action_flag": 2, "action_time": "2016-08-04T20:13:21.626Z", "object_repr": "Python", "object_id": "4", "change_message": "No fields changed.", "user": 1, "content_type": 7}, "model": "admin.logentry", "pk": 11}, {"fields": {"action_flag": 2, "action_time": "2016-08-04T20:13:37.425Z", "object_repr": "Django", "object_id": "5", "change_message": "Changed views.", "user": 1, "content_type": 7}, "model": "admin.logentry", "pk": 12}, {"fields": {"action_flag": 2, "action_time": "2016-08-04T20:13:51.096Z", "object_repr": "Django", "object_id": "5", "change_message": "Changed likes.", "user": 1, "content_type": 7}, "model": "admin.logentry", "pk": 13}, {"fields": {"action_flag": 2, "action_time": "2016-08-04T20:13:54.253Z", "object_repr": "Django", "object_id": "5", "change_message": "No fields changed.", "user": 1, "content_type": 7}, "model": "admin.logentry", "pk": 14}, {"fields": {"action_flag": 2, "action_time": "2016-08-04T20:14:14.281Z", "object_repr": "Other Frameworks", "object_id": "6", "change_message": "Changed views and likes.", "user": 1, "content_type": 7}, "model": "admin.logentry", "pk": 15}, {"fields": {"action_flag": 1, "action_time": "2016-08-04T21:03:22.115Z", "object_repr": "ionic", "object_id": "7", "change_message": "Added.", "user": 1, "content_type": 7}, "model": "admin.logentry", "pk": 16}, {"fields": {"action_flag": 2, "action_time": "2016-08-05T14:41:58.388Z", "object_repr": "Other Frameworks", "object_id": "6", "change_message": "Changed slug.", "user": 1, "content_type": 7}, "model": "admin.logentry", "pk": 17}, {"fields": {"action_flag": 2, "action_time": "2016-08-05T14:42:01.631Z", "object_repr": "Other Frameworks", "object_id": "6", "change_message": "No fields changed.", "user": 1, "content_type": 7}, "model": "admin.logentry", "pk": 18}, {"fields": {"action_flag": 2, "action_time": "2016-08-05T14:42:07.920Z", "object_repr": "Other Frameworks", "object_id": "6", "change_message": "No fields changed.", "user": 1, "content_type": 7}, "model": "admin.logentry", "pk": 19}, {"fields": {"action_flag": 2, "action_time": "2016-08-05T14:42:09.274Z", "object_repr": "Other Frameworks", "object_id": "6", "change_message": "No fields changed.", "user": 1, "content_type": 7}, "model": "admin.logentry", "pk": 20}, {"fields": {"action_flag": 2, "action_time": "2016-08-05T14:42:13.203Z", "object_repr": "ionic", "object_id": "7", "change_message": "No fields changed.", "user": 1, "content_type": 7}, "model": "admin.logentry", "pk": 21}, {"fields": {"action_flag": 2, "action_time": "2016-08-05T14:42:16.172Z", "object_repr": "Other Frameworks", "object_id": "6", "change_message": "No fields changed.", "user": 1, "content_type": 7}, "model": "admin.logentry", "pk": 22}, {"fields": {"action_flag": 2, "action_time": "2016-08-05T14:42:27.127Z", "object_repr": "Django", "object_id": "5", "change_message": "Changed slug.", "user": 1, "content_type": 7}, "model": "admin.logentry", "pk": 23}, {"fields": {"action_flag": 2, "action_time": "2016-08-05T14:42:36.777Z", "object_repr": "Python", "object_id": "4", "change_message": "Changed slug.", "user": 1, "content_type": 7}, "model": "admin.logentry", "pk": 24}, {"fields": {"action_flag": 2, "action_time": "2016-08-05T14:42:40.046Z", "object_repr": "Other Frameworks", "object_id": "6", "change_message": "No fields changed.", "user": 1, "content_type": 7}, "model": "admin.logentry", "pk": 25}, {"fields": {"action_flag": 3, "action_time": "2016-09-22T01:30:15.050Z", "object_repr": "testerrr", "object_id": "24", "change_message": "", "user": 1, "content_type": 7}, "model": "admin.logentry", "pk": 26}, {"fields": {"action_flag": 3, "action_time": "2016-09-22T01:30:15.057Z", "object_repr": "testerr", "object_id": "23", "change_message": "", "user": 1, "content_type": 7}, "model": "admin.logentry", "pk": 27}, {"fields": {"action_flag": 3, "action_time": "2016-09-22T01:30:15.060Z", "object_repr": "dd", "object_id": "22", "change_message": "", "user": 1, "content_type": 7}, "model": "admin.logentry", "pk": 28}, {"fields": {"action_flag": 3, "action_time": "2016-09-22T01:30:15.062Z", "object_repr": "ddd", "object_id": "21", "change_message": "", "user": 1, "content_type": 7}, "model": "admin.logentry", "pk": 29}, {"fields": {"action_flag": 3, "action_time": "2016-09-22T01:30:15.065Z", "object_repr": "tester", "object_id": "20", "change_message": "", "user": 1, "content_type": 7}, "model": "admin.logentry", "pk": 30}, {"fields": {"action_flag": 3, "action_time": "2016-09-22T01:30:15.068Z", "object_repr": "helvetica", "object_id": "19", "change_message": "", "user": 1, "content_type": 7}, "model": "admin.logentry", "pk": 31}, {"fields": {"action_flag": 3, "action_time": "2016-09-22T01:30:15.071Z", "object_repr": "shopping", "object_id": "18", "change_message": "", "user": 1, "content_type": 7}, "model": "admin.logentry", "pk": 32}, {"fields": {"action_flag": 3, "action_time": "2016-09-22T01:30:15.073Z", "object_repr": "trolley", "object_id": "17", "change_message": "", "user": 1, "content_type": 7}, "model": "admin.logentry", "pk": 33}, {"fields": {"action_flag": 3, "action_time": "2016-09-22T01:30:15.091Z", "object_repr": "a", "object_id": "16", "change_message": "", "user": 1, "content_type": 7}, "model": "admin.logentry", "pk": 34}, {"fields": {"action_flag": 3, "action_time": "2016-09-22T01:30:15.094Z", "object_repr": "energy", "object_id": "15", "change_message": "", "user": 1, "content_type": 7}, "model": "admin.logentry", "pk": 35}, {"fields": {"action_flag": 3, "action_time": "2016-09-22T01:30:15.096Z", "object_repr": "medicine", "object_id": "14", "change_message": "", "user": 1, "content_type": 7}, "model": "admin.logentry", "pk": 36}, {"fields": {"action_flag": 3, "action_time": "2016-09-22T01:30:15.098Z", "object_repr": "jj", "object_id": "13", "change_message": "", "user": 1, "content_type": 7}, "model": "admin.logentry", "pk": 37}, {"fields": {"action_flag": 3, "action_time": "2016-09-22T01:30:15.101Z", "object_repr": "h", "object_id": "12", "change_message": "", "user": 1, "content_type": 7}, "model": "admin.logentry", "pk": 38}, {"fields": {"action_flag": 3, "action_time": "2016-09-22T01:30:15.103Z", "object_repr": "d", "object_id": "11", "change_message": "", "user": 1, "content_type": 7}, "model": "admin.logentry", "pk": 39}, {"fields": {"action_flag": 3, "action_time": "2016-09-22T01:30:15.107Z", "object_repr": "yeet", "object_id": "10", "change_message": "", "user": 1, "content_type": 7}, "model": "admin.logentry", "pk": 40}, {"fields": {"action_flag": 3, "action_time": "2016-09-22T01:30:15.110Z", "object_repr": "shoes", "object_id": "9", "change_message": "", "user": 1, "content_type": 7}, "model": "admin.logentry", "pk": 41}, {"fields": {"action_flag": 3, "action_time": "2016-09-22T01:30:15.113Z", "object_repr": "cars", "object_id": "8", "change_message": "", "user": 1, "content_type": 7}, "model": "admin.logentry", "pk": 42}, {"fields": {"action_flag": 3, "action_time": "2016-09-22T01:30:15.116Z", "object_repr": "ionic", "object_id": "7", "change_message": "", "user": 1, "content_type": 7}, "model": "admin.logentry", "pk": 43}, {"fields": {"action_flag": 3, "action_time": "2016-09-22T16:05:08.713Z", "object_repr": "niaid", "object_id": "4", "change_message": "", "user": 1, "content_type": 9}, "model": "admin.logentry", "pk": 44}, {"fields": {"action_flag": 3, "action_time": "2016-09-22T16:05:08.720Z", "object_repr": "niad", "object_id": "3", "change_message": "", "user": 1, "content_type": 9}, "model": "admin.logentry", "pk": 45}, {"fields": {"action_flag": 3, "action_time": "2016-10-04T17:24:15.883Z", "object_repr": "ojas", "object_id": "6", "change_message": "", "user": 1, "content_type": 9}, "model": "admin.logentry", "pk": 46}, {"fields": {"action_flag": 3, "action_time": "2016-10-04T17:24:15.895Z", "object_repr": "nih", "object_id": "5", "change_message": "", "user": 1, "content_type": 9}, "model": "admin.logentry", "pk": 47}, {"fields": {"action_flag": 3, "action_time": "2016-10-04T17:24:15.897Z", "object_repr": "rish", "object_id": "1", "change_message": "", "user": 1, "content_type": 9}, "model": "admin.logentry", "pk": 48}, {"fields": {"action_flag": 3, "action_time": "2016-11-03T15:36:40.221Z", "object_repr": "celeryResponse object", "object_id": "4", "change_message": "", "user": 1, "content_type": 20}, "model": "admin.logentry", "pk": 49}, {"fields": {"action_flag": 3, "action_time": "2016-11-03T15:36:40.227Z", "object_repr": "celeryResponse object", "object_id": "3", "change_message": "", "user": 1, "content_type": 20}, "model": "admin.logentry", "pk": 50}, {"fields": {"action_flag": 3, "action_time": "2016-11-03T15:36:40.229Z", "object_repr": "celeryResponse object", "object_id": "2", "change_message": "", "user": 1, "content_type": 20}, "model": "admin.logentry", "pk": 51}, {"fields": {"action_flag": 3, "action_time": "2016-11-03T15:36:40.231Z", "object_repr": "celeryResponse object", "object_id": "1", "change_message": "", "user": 1, "content_type": 20}, "model": "admin.logentry", "pk": 52}, {"fields": {"action_flag": 3, "action_time": "2016-11-03T15:39:47.563Z", "object_repr": "celeryResponse object", "object_id": "7", "change_message": "", "user": 1, "content_type": 20}, "model": "admin.logentry", "pk": 53}, {"fields": {"action_flag": 3, "action_time": "2016-11-03T15:39:47.839Z", "object_repr": "celeryResponse object", "object_id": "6", "change_message": "", "user": 1, "content_type": 20}, "model": "admin.logentry", "pk": 54}, {"fields": {"action_flag": 3, "action_time": "2016-11-03T15:39:47.841Z", "object_repr": "celeryResponse object", "object_id": "5", "change_message": "", "user": 1, "content_type": 20}, "model": "admin.logentry", "pk": 55}, {"fields": {"action_flag": 3, "action_time": "2016-11-03T15:42:59.537Z", "object_repr": "celeryResponse object", "object_id": "10", "change_message": "", "user": 1, "content_type": 20}, "model": "admin.logentry", "pk": 56}, {"fields": {"action_flag": 3, "action_time": "2016-11-03T15:42:59.544Z", "object_repr": "celeryResponse object", "object_id": "9", "change_message": "", "user": 1, "content_type": 20}, "model": "admin.logentry", "pk": 57}, {"fields": {"action_flag": 3, "action_time": "2016-11-03T15:42:59.546Z", "object_repr": "celeryResponse object", "object_id": "8", "change_message": "", "user": 1, "content_type": 20}, "model": "admin.logentry", "pk": 58}, {"fields": {"action_flag": 3, "action_time": "2016-11-03T15:48:07.038Z", "object_repr": "celeryResponse object", "object_id": "14", "change_message": "", "user": 1, "content_type": 20}, "model": "admin.logentry", "pk": 59}, {"fields": {"action_flag": 3, "action_time": "2016-11-03T15:48:07.044Z", "object_repr": "celeryResponse object", "object_id": "13", "change_message": "", "user": 1, "content_type": 20}, "model": "admin.logentry", "pk": 60}, {"fields": {"action_flag": 3, "action_time": "2016-11-03T15:48:07.046Z", "object_repr": "celeryResponse object", "object_id": "12", "change_message": "", "user": 1, "content_type": 20}, "model": "admin.logentry", "pk": 61}, {"fields": {"action_flag": 3, "action_time": "2016-11-03T15:48:07.048Z", "object_repr": "celeryResponse object", "object_id": "11", "change_message": "", "user": 1, "content_type": 20}, "model": "admin.logentry", "pk": 62}, {"fields": {"action_flag": 3, "action_time": "2016-11-03T16:16:37.768Z", "object_repr": "celeryResponse object", "object_id": "3", "change_message": "", "user": 1, "content_type": 20}, "model": "admin.logentry", "pk": 63}, {"fields": {"action_flag": 3, "action_time": "2016-11-03T16:16:37.775Z", "object_repr": "celeryResponse object", "object_id": "2", "change_message": "", "user": 1, "content_type": 20}, "model": "admin.logentry", "pk": 64}, {"fields": {"action_flag": 3, "action_time": "2016-11-03T16:16:37.777Z", "object_repr": "celeryResponse object", "object_id": "1", "change_message": "", "user": 1, "content_type": 20}, "model": "admin.logentry", "pk": 65}, {"fields": {"action_flag": 3, "action_time": "2016-11-03T17:27:27.218Z", "object_repr": "celeryResponse object", "object_id": "7", "change_message": "", "user": 1, "content_type": 20}, "model": "admin.logentry", "pk": 66}, {"fields": {"action_flag": 3, "action_time": "2016-11-03T17:27:27.224Z", "object_repr": "celeryResponse object", "object_id": "6", "change_message": "", "user": 1, "content_type": 20}, "model": "admin.logentry", "pk": 67}, {"fields": {"action_flag": 3, "action_time": "2016-11-03T17:27:27.226Z", "object_repr": "celeryResponse object", "object_id": "5", "change_message": "", "user": 1, "content_type": 20}, "model": "admin.logentry", "pk": 68}, {"fields": {"action_flag": 3, "action_time": "2016-11-03T17:27:27.229Z", "object_repr": "celeryResponse object", "object_id": "4", "change_message": "", "user": 1, "content_type": 20}, "model": "admin.logentry", "pk": 69}, {"fields": {"action_flag": 3, "action_time": "2016-11-03T17:28:57.955Z", "object_repr": "celeryResponse object", "object_id": "12", "change_message": "", "user": 1, "content_type": 20}, "model": "admin.logentry", "pk": 70}, {"fields": {"action_flag": 3, "action_time": "2016-11-03T17:28:57.962Z", "object_repr": "celeryResponse object", "object_id": "11", "change_message": "", "user": 1, "content_type": 20}, "model": "admin.logentry", "pk": 71}, {"fields": {"action_flag": 3, "action_time": "2016-11-03T17:28:57.964Z", "object_repr": "celeryResponse object", "object_id": "10", "change_message": "", "user": 1, "content_type": 20}, "model": "admin.logentry", "pk": 72}, {"fields": {"action_flag": 3, "action_time": "2016-11-03T17:28:57.966Z", "object_repr": "celeryResponse object", "object_id": "9", "change_message": "", "user": 1, "content_type": 20}, "model": "admin.logentry", "pk": 73}, {"fields": {"action_flag": 3, "action_time": "2016-11-03T17:28:57.968Z", "object_repr": "celeryResponse object", "object_id": "8", "change_message": "", "user": 1, "content_type": 20}, "model": "admin.logentry", "pk": 74}]